lap,distance_m,time_s,speed_kmh,throttle,brake,steering_deg,gear
baseline,0.0,0.0,250.614,1.0,0.0,2.397,6
baseline,4.667,0.067,250.761,1.0,0.0,3.246,6
baseline,9.333,0.134,250.903,1.0,0.0,4.07,6
baseline,14.0,0.201,251.043,1.0,0.0,4.867,6
baseline,18.667,0.2679,251.178,1.0,0.0,5.634,6
baseline,23.333,0.3348,251.31,1.0,0.0,6.365,6
baseline,28.0,0.4016,251.439,1.0,0.0,7.059,6
baseline,32.667,0.4685,251.564,1.0,0.0,7.713,6
baseline,37.333,0.5352,251.685,1.0,0.0,8.323,6
baseline,42.0,0.602,251.802,1.0,0.0,8.889,6
baseline,46.667,0.6687,251.915,1.0,0.0,9.408,6
baseline,51.333,0.7354,252.023,1.0,0.0,9.878,6
baseline,56.0,0.8021,252.126,1.0,0.0,10.298,6
baseline,60.667,0.8687,252.224,1.0,0.0,10.669,6
baseline,65.333,0.9353,252.315,1.0,0.0,10.988,6
baseline,70.0,1.0019,252.4,1.0,0.0,11.256,6
baseline,74.667,1.0684,252.477,1.0,0.0,11.474,6
baseline,79.333,1.135,252.545,1.0,0.0,11.641,6
baseline,84.0,1.2015,252.604,1.0,0.0,11.759,6
baseline,88.667,1.268,252.653,1.0,0.0,11.829,6
baseline,93.333,1.3345,252.689,1.0,0.0,11.852,6
baseline,98.0,1.401,252.712,1.0,0.0,11.831,6
baseline,102.667,1.4675,252.72,1.0,0.0,11.768,6
baseline,107.333,1.534,252.712,0.9912,0.0,11.664,6
baseline,112.0,1.6004,252.685,0.9814,0.0,11.523,6
baseline,116.667,1.6669,252.638,0.9705,0.0053,11.347,6
baseline,121.333,1.7334,252.567,0.9585,0.0195,11.139,6
baseline,126.0,1.7999,252.471,0.9451,0.0352,10.903,6
baseline,130.667,1.8665,252.348,0.0,0.0524,10.642,6
baseline,135.333,1.933,252.193,0.0,0.0715,10.358,6
baseline,140.0,1.9997,252.005,0.0,0.0923,10.056,6
baseline,144.667,2.0663,251.779,0.0,0.1152,9.74,6
baseline,149.333,2.1331,251.513,0.0,0.1401,9.411,6
baseline,154.0,2.1999,251.203,0.0,0.1672,9.075,6
baseline,158.667,2.2667,250.845,0.0,0.1965,8.734,6
baseline,163.333,2.3337,250.435,0.0,0.2283,8.391,6
baseline,168.0,2.4008,249.969,0.0,0.2625,8.05,6
baseline,172.667,2.468,249.442,0.0,0.2992,7.714,6
baseline,177.333,2.5353,248.851,0.0,0.3386,7.386,6
baseline,182.0,2.6029,248.191,0.0,0.3805,7.068,6
baseline,186.667,2.6705,247.458,0.0,0.4252,6.763,6
baseline,191.333,2.7384,246.646,0.0,0.4725,6.474,6
baseline,196.0,2.8065,245.751,0.0,0.5224,6.201,6
baseline,200.667,2.8749,244.77,0.0,0.5749,5.947,6
baseline,205.333,2.9435,243.696,0.0,0.63,5.714,6
baseline,210.0,3.0125,242.528,0.0,0.6874,5.503,6
baseline,214.667,3.0818,241.259,0.0,0.7471,5.314,6
baseline,219.333,3.1514,239.887,0.0,0.8089,5.148,6
baseline,224.0,3.2214,238.409,0.0,0.8726,5.005,6
baseline,228.667,3.2919,236.821,0.0,0.9379,4.885,6
baseline,233.333,3.3628,235.12,0.0,1.0,4.789,6
baseline,238.0,3.4343,233.305,0.0,1.0,4.714,6
baseline,242.667,3.5063,231.375,0.0,1.0,4.662,6
baseline,247.333,3.5789,229.328,0.0,1.0,4.629,6
baseline,252.0,3.6522,227.164,0.0,1.0,4.615,6
baseline,256.667,3.7261,224.885,0.0,1.0,4.617,5
baseline,261.333,3.8008,222.491,0.0,1.0,4.635,5
baseline,266.0,3.8763,219.986,0.0,1.0,4.666,5
baseline,270.667,3.9527,217.372,0.0,1.0,4.706,5
baseline,275.333,4.03,214.654,0.0,1.0,4.755,5
baseline,280.0,4.1082,211.836,0.0,1.0,4.809,5
baseline,284.667,4.1876,208.927,0.0,1.0,4.865,5
baseline,289.333,4.268,205.932,0.0,1.0,4.92,5
baseline,294.0,4.3495,202.86,0.0,1.0,4.972,5
baseline,298.667,4.4324,199.721,0.0,1.0,5.017,5
baseline,303.333,4.5165,196.526,0.0,1.0,5.053,5
baseline,308.0,4.602,193.284,0.0,1.0,5.076,5
baseline,312.667,4.6889,190.01,0.0,1.0,5.083,4
baseline,317.333,4.7773,186.716,0.0,1.0,5.072,4
baseline,322.0,4.8673,183.416,0.0,1.0,5.04,4
baseline,326.667,4.9589,180.125,0.0,1.0,4.984,4
baseline,331.333,5.0521,176.858,0.0,1.0,4.902,4
baseline,336.0,5.1471,173.631,0.0,1.0,4.792,4
baseline,340.667,5.2439,170.461,0.0,1.0,4.651,4
baseline,345.333,5.3424,167.363,0.0,1.0,4.477,4
baseline,350.0,5.4428,164.355,0.0,1.0,4.27,4
baseline,354.667,5.545,161.453,0.0,1.0,4.028,4
baseline,359.333,5.6491,158.674,0.0,1.0,3.749,4
baseline,364.0,5.755,156.034,0.0,1.0,3.434,3
baseline,368.667,5.8626,153.548,0.0,1.0,3.081,3
baseline,373.333,5.9721,151.232,0.0,1.0,2.691,3
baseline,378.0,6.0831,149.101,0.0,1.0,2.264,3
baseline,382.667,6.1958,147.167,0.0,1.0,1.801,3
baseline,387.333,6.31,145.443,0.0,0.9193,1.303,3
baseline,392.0,6.4255,143.942,0.0,0.7859,0.77,3
baseline,396.667,6.5422,142.671,0.0,0.6471,0.205,3
baseline,401.333,6.66,141.641,0.0,0.5035,-0.391,3
baseline,406.0,6.7786,140.859,0.0,0.3562,-1.016,3
baseline,410.667,6.8978,140.331,0.0,0.2059,-1.666,3
baseline,415.333,7.0175,140.059,0.0,0.0537,-2.34,3
baseline,420.0,7.1375,140.048,0.72,0.0,-3.033,3
baseline,424.667,7.2575,140.297,0.72,0.0,-3.744,3
baseline,429.333,7.3772,140.807,0.72,0.0,-4.468,3
baseline,434.0,7.4965,141.573,0.72,0.0,-5.202,3
baseline,438.667,7.6152,142.593,0.72,0.0,-5.942,3
baseline,443.333,7.733,143.86,0.72,0.0,-6.683,3
baseline,448.0,7.8498,145.367,0.72,0.0,-7.423,3
baseline,452.667,7.9653,147.105,0.72,0.0,-8.157,3
baseline,457.333,8.0795,149.064,0.72,0.0,-8.88,3
baseline,462.0,8.1923,151.232,0.72,0.0,-9.588,3
baseline,466.667,8.3033,153.597,0.72,0.0,-10.278,3
baseline,471.333,8.4127,156.145,0.72,0.0,-10.945,3
baseline,476.0,8.5203,158.862,0.72,0.0,-11.585,4
baseline,480.667,8.6261,161.732,0.72,0.0,-12.194,4
baseline,485.333,8.7299,164.739,0.72,0.0,-12.768,4
baseline,490.0,8.8319,167.867,1.0,0.0,-13.304,4
baseline,494.667,8.932,171.099,1.0,0.0,-13.799,4
baseline,499.333,9.0302,174.419,1.0,0.0,-14.248,4
baseline,504.0,9.1265,177.81,1.0,0.0,-14.649,4
baseline,508.667,9.221,181.254,1.0,0.0,-15.0,4
baseline,513.333,9.3137,184.736,1.0,0.0,-15.298,4
baseline,518.0,9.4046,188.238,1.0,0.0,-15.541,4
baseline,522.667,9.4939,191.747,1.0,0.0,-15.727,5
baseline,527.333,9.5815,195.246,1.0,0.0,-15.854,5
baseline,532.0,9.6675,198.721,1.0,0.0,-15.923,5
baseline,536.667,9.7521,202.159,1.0,0.0,-15.931,5
baseline,541.333,9.8352,205.547,1.0,0.0,-15.879,5
baseline,546.0,9.9169,208.873,1.0,0.0,-15.767,5
baseline,550.667,9.9973,212.126,1.0,0.0,-15.596,5
baseline,555.333,10.0765,215.297,1.0,0.0,-15.365,5
baseline,560.0,10.1546,218.377,1.0,0.0,-15.076,5
baseline,564.667,10.2315,221.358,1.0,0.0,-14.731,5
baseline,569.333,10.3074,224.232,1.0,0.0,-14.332,5
baseline,574.0,10.3823,226.995,1.0,0.0,-13.88,6
baseline,578.667,10.4563,229.641,1.0,0.0,-13.378,6
baseline,583.333,10.5295,232.167,1.0,0.0,-12.83,6
baseline,588.0,10.6018,234.569,1.0,0.0,-12.237,6
baseline,592.667,10.6735,236.845,1.0,0.0,-11.604,6
baseline,597.333,10.7444,238.994,1.0,0.0,-10.934,6
baseline,602.0,10.8147,241.015,1.0,0.0,-10.231,6
baseline,606.667,10.8844,242.909,1.0,0.0,-9.498,6
baseline,611.333,10.9536,244.676,1.0,0.0,-8.741,6
baseline,616.0,11.0222,246.317,1.0,0.0,-7.962,6
baseline,620.667,11.0904,247.834,1.0,0.0,-7.166,6
baseline,625.333,11.1582,249.229,1.0,0.0,-6.358,6
baseline,630.0,11.2256,250.506,1.0,0.0,-5.542,6
baseline,634.667,11.2927,251.665,1.0,0.0,-4.722,6
baseline,639.333,11.3594,252.712,1.0,0.0,-3.903,6
baseline,644.0,11.4259,253.649,1.0,0.0,-3.088,6
baseline,648.667,11.4922,254.479,1.0,0.0,-2.282,6
baseline,653.333,11.5582,255.207,1.0,0.0,-1.49,6
baseline,658.0,11.624,255.835,1.0,0.0,-0.714,6
baseline,662.667,11.6897,256.367,1.0,0.0,0.042,6
baseline,667.333,11.7552,256.808,1.0,0.0,0.774,6
baseline,672.0,11.8206,257.159,1.0,0.0,1.479,6
baseline,676.667,11.8859,257.426,1.0,0.0,2.154,6
baseline,681.333,11.9512,257.61,1.0,0.0,2.796,6
baseline,686.0,12.0164,257.716,1.0,0.0,3.404,6
baseline,690.667,12.0816,257.746,0.997,0.0,3.975,6
baseline,695.333,12.1468,257.704,0.9614,0.016,4.507,6
baseline,700.0,12.212,257.592,0.0,0.0564,4.999,6
baseline,704.667,12.2772,257.412,0.0,0.0953,5.449,6
baseline,709.333,12.3425,257.168,0.0,0.1327,5.858,6
baseline,714.0,12.4078,256.861,0.0,0.1689,6.225,6
baseline,718.667,12.4732,256.494,0.0,0.2038,6.549,6
baseline,723.333,12.5387,256.068,0.0,0.2376,6.831,6
baseline,728.0,12.6043,255.586,0.0,0.2703,7.072,6
baseline,732.667,12.67,255.049,0.0,0.302,7.273,6
baseline,737.333,12.7359,254.46,0.0,0.3327,7.434,6
baseline,742.0,12.8019,253.818,0.0,0.3625,7.557,6
baseline,746.667,12.8681,253.127,0.0,0.3915,7.645,6
baseline,751.333,12.9345,252.387,0.0,0.4197,7.698,6
baseline,756.0,13.001,251.6,0.0,0.4471,7.72,6
baseline,760.667,13.0678,250.767,0.0,0.4737,7.712,6
baseline,765.333,13.1348,249.889,0.0,0.4995,7.678,6
baseline,770.0,13.202,248.969,0.0,0.5246,7.62,6
baseline,774.667,13.2695,248.006,0.0,0.5488,7.542,6
baseline,779.333,13.3373,247.003,0.0,0.5723,7.445,6
baseline,784.0,13.4053,245.96,0.0,0.595,7.334,6
baseline,788.667,13.4736,244.88,0.0,0.6167,7.211,6
baseline,793.333,13.5422,243.763,0.0,0.6376,7.08,6
baseline,798.0,13.6111,242.612,0.0,0.6576,6.943,6
baseline,802.667,13.6804,241.427,0.0,0.6766,6.804,6
baseline,807.333,13.7499,240.211,0.0,0.6945,6.666,6
baseline,812.0,13.8199,238.966,0.0,0.7114,6.532,6
baseline,816.667,13.8902,237.693,0.0,0.7271,6.404,6
baseline,821.333,13.9609,236.394,0.0,0.7416,6.285,6
baseline,826.0,14.0319,235.071,0.0,0.7547,6.177,6
baseline,830.667,14.1034,233.728,0.0,0.7666,6.083,6
baseline,835.333,14.1753,232.365,0.0,0.777,6.004,6
baseline,840.0,14.2476,230.986,0.0,0.7859,5.943,6
baseline,844.667,14.3203,229.593,0.0,0.7933,5.901,6
baseline,849.333,14.3935,228.188,0.0,0.7991,5.879,6
baseline,854.0,14.4671,226.776,0.0,0.8032,5.877,6
baseline,858.667,14.5412,225.358,0.0,0.8056,5.898,6
baseline,863.333,14.6157,223.937,0.0,0.8062,5.94,5
baseline,868.0,14.6908,222.517,0.0,0.8049,6.004,5
baseline,872.667,14.7663,221.1,0.0,0.8018,6.09,5
baseline,877.333,14.8422,219.691,0.0,0.7967,6.197,5
baseline,882.0,14.9187,218.291,0.0,0.7897,6.325,5
baseline,886.667,14.9957,216.906,0.0,0.7807,6.471,5
baseline,891.333,15.0731,215.537,0.0,0.7697,6.635,5
baseline,896.0,15.1511,214.189,0.0,0.7567,6.814,5
baseline,900.667,15.2295,212.864,0.0,0.7416,7.008,5
baseline,905.333,15.3084,211.567,0.0,0.7245,7.213,5
baseline,910.0,15.3878,210.301,0.0,0.7054,7.428,5
baseline,914.667,15.4677,209.069,0.0,0.6843,7.649,5
baseline,919.333,15.5481,207.875,0.0,0.6612,7.874,5
baseline,924.0,15.6289,206.721,0.0,0.6361,8.1,5
baseline,928.667,15.7102,205.612,0.0,0.6092,8.324,5
baseline,933.333,15.7919,204.55,0.0,0.5804,8.542,5
baseline,938.0,15.874,203.538,0.0,0.5498,8.752,5
baseline,942.667,15.9565,202.58,0.0,0.5175,8.95,5
baseline,947.333,16.0395,201.679,0.0,0.4835,9.132,5
baseline,952.0,16.1228,200.837,0.0,0.448,9.296,5
baseline,956.667,16.2064,200.056,0.0,0.4109,9.439,5
baseline,961.333,16.2904,199.339,0.0,0.3725,9.557,5
baseline,966.0,16.3747,198.689,0.0,0.3328,9.647,5
baseline,970.667,16.4592,198.108,0.0,0.2919,9.706,5
baseline,975.333,16.544,197.597,0.0,0.25,9.732,5
baseline,980.0,16.6291,197.158,0.0,0.2072,9.723,5
baseline,984.667,16.7143,196.792,0.0,0.1635,9.675,5
baseline,989.333,16.7996,196.502,0.0,0.1191,9.587,5
baseline,994.0,16.8851,196.287,0.0,0.0742,9.457,5
baseline,998.667,16.9707,196.149,0.9504,0.0289,9.283,5
baseline,1003.333,17.0564,196.089,0.9892,0.0,9.065,5
baseline,1008.0,17.142,196.106,1.0,0.0,8.801,5
baseline,1012.667,17.2277,196.201,1.0,0.0,8.49,5
baseline,1017.333,17.3133,196.374,1.0,0.0,8.134,5
baseline,1022.0,17.3989,196.624,1.0,0.0,7.731,5
baseline,1026.667,17.4843,196.951,1.0,0.0,7.282,5
baseline,1031.333,17.5696,197.353,1.0,0.0,6.788,5
baseline,1036.0,17.6548,197.831,1.0,0.0,6.25,5
baseline,1040.667,17.7397,198.382,1.0,0.0,5.669,5
baseline,1045.333,17.8244,199.005,1.0,0.0,5.048,5
baseline,1050.0,17.9088,199.698,1.0,0.0,4.388,5
baseline,1054.667,17.9929,200.46,1.0,0.0,3.692,5
baseline,1059.333,18.0767,201.289,1.0,0.0,2.963,5
baseline,1064.0,18.1602,202.181,1.0,0.0,2.203,5
baseline,1068.667,18.2433,203.135,1.0,0.0,1.416,5
baseline,1073.333,18.326,204.148,1.0,0.0,0.606,5
baseline,1078.0,18.4083,205.217,1.0,0.0,-0.224,5
baseline,1082.667,18.4901,206.34,1.0,0.0,-1.07,5
baseline,1087.333,18.5716,207.513,1.0,0.0,-1.928,5
baseline,1092.0,18.6525,208.734,1.0,0.0,-2.793,5
baseline,1096.667,18.733,209.998,1.0,0.0,-3.662,5
baseline,1101.333,18.813,211.303,1.0,0.0,-4.529,5
baseline,1106.0,18.8925,212.646,1.0,0.0,-5.391,5
baseline,1110.667,18.9715,214.023,1.0,0.0,-6.242,5
baseline,1115.333,19.05,215.43,1.0,0.0,-7.08,5
baseline,1120.0,19.128,216.864,1.0,0.0,-7.898,5
baseline,1124.667,19.2055,218.322,1.0,0.0,-8.693,5
baseline,1129.333,19.2824,219.801,1.0,0.0,-9.461,5
baseline,1134.0,19.3588,221.295,1.0,0.0,-10.198,5
baseline,1138.667,19.4348,222.804,1.0,0.0,-10.899,5
baseline,1143.333,19.5102,224.322,1.0,0.0,-11.562,5
baseline,1148.0,19.5851,225.846,1.0,0.0,-12.182,6
baseline,1152.667,19.6594,227.374,1.0,0.0,-12.758,6
baseline,1157.333,19.7333,228.903,1.0,0.0,-13.284,6
baseline,1162.0,19.8067,230.428,1.0,0.0,-13.76,6
baseline,1166.667,19.8796,231.947,1.0,0.0,-14.183,6
baseline,1171.333,19.9521,233.457,1.0,0.0,-14.551,6
baseline,1176.0,20.024,234.956,1.0,0.0,-14.862,6
baseline,1180.667,20.0955,236.44,1.0,0.0,-15.115,6
baseline,1185.333,20.1666,237.907,1.0,0.0,-15.31,6
baseline,1190.0,20.2372,239.354,1.0,0.0,-15.445,6
baseline,1194.667,20.3074,240.78,1.0,0.0,-15.521,6
baseline,1199.333,20.3772,242.181,1.0,0.0,-15.538,6
baseline,1204.0,20.4465,243.556,1.0,0.0,-15.496,6
baseline,1208.667,20.5155,244.902,1.0,0.0,-15.397,6
baseline,1213.333,20.5841,246.219,1.0,0.0,-15.241,6
baseline,1218.0,20.6523,247.503,1.0,0.0,-15.031,6
baseline,1222.667,20.7202,248.753,1.0,0.0,-14.768,6
baseline,1227.333,20.7878,249.969,1.0,0.0,-14.455,6
baseline,1232.0,20.855,251.147,1.0,0.0,-14.094,6
baseline,1236.667,20.9219,252.287,1.0,0.0,-13.689,6
baseline,1241.333,20.9884,253.388,1.0,0.0,-13.241,6
baseline,1246.0,21.0547,254.448,1.0,0.0,-12.755,6
baseline,1250.667,21.1208,255.466,1.0,0.0,-12.234,6
baseline,1255.333,21.1865,256.441,1.0,0.0,-11.681,6
baseline,1260.0,21.252,257.372,1.0,0.0,-11.101,6
baseline,1264.667,21.3173,258.258,1.0,0.0,-10.498,6
baseline,1269.333,21.3824,259.098,1.0,0.0,-9.875,7
baseline,1274.0,21.4472,259.892,1.0,0.0,-9.236,7
baseline,1278.667,21.5119,260.637,1.0,0.0,-8.585,7
baseline,1283.333,21.5763,261.334,1.0,0.0,-7.928,7
baseline,1288.0,21.6406,261.981,1.0,0.0,-7.266,7
baseline,1292.667,21.7047,262.578,1.0,0.0,-6.605,7
baseline,1297.333,21.7687,263.123,1.0,0.0,-5.948,7
baseline,1302.0,21.8326,263.616,1.0,0.0,-5.299,7
baseline,1306.667,21.8963,264.056,1.0,0.0,-4.661,7
baseline,1311.333,21.9599,264.441,1.0,0.0,-4.038,7
baseline,1316.0,22.0234,264.771,1.0,0.0,-3.432,7
baseline,1320.667,22.0869,265.044,1.0,0.0,-2.847,7
baseline,1325.333,22.1503,265.259,1.0,0.0,-2.285,7
baseline,1330.0,22.2136,265.416,1.0,0.0,-1.748,7
baseline,1334.667,22.2769,265.512,1.0,0.0,-1.239,7
baseline,1339.333,22.3402,265.546,1.0,0.0,-0.759,7
baseline,1344.0,22.4034,265.518,0.9696,0.0063,-0.31,7
baseline,1348.667,22.4667,265.425,0.937,0.0447,0.107,7
baseline,1353.333,22.53,265.266,0.0,0.0839,0.492,7
baseline,1358.0,22.5933,265.039,0.0,0.1241,0.844,7
baseline,1362.667,22.6567,264.744,0.0,0.1652,1.163,7
baseline,1367.333,22.7202,264.378,0.0,0.2073,1.448,7
baseline,1372.0,22.7837,263.939,0.0,0.2503,1.702,7
baseline,1376.667,22.8474,263.427,0.0,0.2942,1.923,7
baseline,1381.333,22.9112,262.839,0.0,0.3391,2.114,7
baseline,1386.0,22.9751,262.174,0.0,0.3848,2.275,7
baseline,1390.667,23.0392,261.43,0.0,0.4314,2.409,7
baseline,1395.333,23.1034,260.607,0.0,0.4789,2.517,7
baseline,1400.0,23.1679,259.702,0.0,0.527,2.601,7
baseline,1404.667,23.2326,258.715,0.0,0.5759,2.664,6
baseline,1409.333,23.2975,257.644,0.0,0.6253,2.708,6
baseline,1414.0,23.3627,256.489,0.0,0.6752,2.736,6
baseline,1418.667,23.4282,255.248,0.0,0.7255,2.75,6
baseline,1423.333,23.494,253.922,0.0,0.776,2.753,6
baseline,1428.0,23.5602,252.51,0.0,0.8265,2.749,6
baseline,1432.667,23.6267,251.012,0.0,0.877,2.739,6
baseline,1437.333,23.6937,249.428,0.0,0.9271,2.728,6
baseline,1442.0,23.761,247.76,0.0,0.9768,2.718,6
baseline,1446.667,23.8288,246.007,0.0,1.0,2.711,6
baseline,1451.333,23.8971,244.172,0.0,1.0,2.711,6
baseline,1456.0,23.9659,242.256,0.0,1.0,2.721,6
baseline,1460.667,24.0353,240.261,0.0,1.0,2.742,6
baseline,1465.333,24.1052,238.19,0.0,1.0,2.778,6
baseline,1470.0,24.1757,236.046,0.0,1.0,2.83,6
baseline,1474.667,24.2469,233.832,0.0,1.0,2.901,6
baseline,1479.333,24.3187,231.553,0.0,1.0,2.992,6
baseline,1484.0,24.3913,229.212,0.0,1.0,3.105,6
baseline,1488.667,24.4646,226.815,0.0,1.0,3.242,6
baseline,1493.333,24.5387,224.367,0.0,1.0,3.402,5
baseline,1498.0,24.6135,221.874,0.0,1.0,3.588,5
baseline,1502.667,24.6893,219.342,0.0,1.0,3.799,5
baseline,1507.333,24.7658,216.778,0.0,1.0,4.035,5
baseline,1512.0,24.8433,214.19,0.0,1.0,4.297,5
baseline,1516.667,24.9218,211.583,0.0,1.0,4.583,5
baseline,1521.333,25.0012,208.968,0.0,1.0,4.894,5
baseline,1526.0,25.0816,206.351,0.0,1.0,5.227,5
baseline,1530.667,25.163,203.742,0.0,1.0,5.582,5
baseline,1535.333,25.2454,201.149,0.0,1.0,5.956,5
baseline,1540.0,25.329,198.581,0.0,1.0,6.348,5
baseline,1544.667,25.4136,196.048,0.0,1.0,6.756,5
baseline,1549.333,25.4993,193.559,0.0,1.0,7.177,5
baseline,1554.0,25.5861,191.122,0.0,1.0,7.608,5
baseline,1558.667,25.674,188.749,0.0,1.0,8.046,4
baseline,1563.333,25.763,186.448,0.0,1.0,8.489,4
baseline,1568.0,25.8531,184.228,0.0,1.0,8.932,4
baseline,1572.667,25.9443,182.098,0.0,1.0,9.374,4
baseline,1577.333,26.0365,180.068,0.0,1.0,9.809,4
baseline,1582.0,26.1298,178.145,0.0,1.0,10.235,4
baseline,1586.667,26.2241,176.339,0.0,0.9969,10.647,4
baseline,1591.333,26.3194,174.656,0.0,0.9219,11.043,4
baseline,1596.0,26.4156,173.104,0.0,0.8427,11.419,4
baseline,1600.667,26.5126,171.691,0.0,0.7598,11.77,4
baseline,1605.333,26.6105,170.421,0.0,0.6733,12.094,4
baseline,1610.0,26.7091,169.301,0.0,0.5837,12.387,4
baseline,1614.667,26.8083,168.337,0.0,0.4914,12.646,4
baseline,1619.333,26.9081,167.531,0.0,0.3968,12.867,4
baseline,1624.0,27.0084,166.887,0.0,0.3003,13.048,4
baseline,1628.667,27.109,166.41,0.0,0.2024,13.187,4
baseline,1633.333,27.21,166.099,0.0,0.1036,13.28,4
baseline,1638.0,27.3111,165.957,0.9713,0.0043,13.325,4
baseline,1642.667,27.4124,165.984,1.0,0.0,13.321,4
baseline,1647.333,27.5136,166.18,1.0,0.0,13.265,4
baseline,1652.0,27.6147,166.544,1.0,0.0,13.157,4
baseline,1656.667,27.7156,167.072,1.0,0.0,12.996,4
baseline,1661.333,27.8161,167.764,1.0,0.0,12.781,4
baseline,1666.0,27.9163,168.614,1.0,0.0,12.511,4
baseline,1670.667,28.0159,169.62,1.0,0.0,12.188,4
baseline,1675.333,28.1149,170.776,1.0,0.0,11.81,4
baseline,1680.0,28.2133,172.076,1.0,0.0,11.38,4
baseline,1684.667,28.3109,173.514,1.0,0.0,10.897,4
baseline,1689.333,28.4078,175.084,1.0,0.0,10.365,4
baseline,1694.0,28.5037,176.778,1.0,0.0,9.784,4
baseline,1698.667,28.5987,178.588,1.0,0.0,9.157,4
baseline,1703.333,28.6928,180.507,1.0,0.0,8.486,4
baseline,1708.0,28.7859,182.525,1.0,0.0,7.774,4
baseline,1712.667,28.8779,184.634,1.0,0.0,7.024,4
baseline,1717.333,28.9689,186.825,1.0,0.0,6.241,4
baseline,1722.0,29.0588,189.089,1.0,0.0,5.426,4
baseline,1726.667,29.1477,191.417,1.0,0.0,4.584,5
baseline,1731.333,29.2355,193.798,1.0,0.0,3.72,5
baseline,1736.0,29.3221,196.225,1.0,0.0,2.837,5
baseline,1740.667,29.4078,198.687,1.0,0.0,1.939,5
baseline,1745.333,29.4923,201.175,1.0,0.0,1.031,5
baseline,1750.0,29.5758,203.681,1.0,0.0,0.118,5
baseline,1754.667,29.6583,206.195,1.0,0.0,-0.796,5
baseline,1759.333,29.7398,208.71,1.0,0.0,-1.707,5
baseline,1764.0,29.8203,211.217,1.0,0.0,-2.609,5
baseline,1768.667,29.8998,213.709,1.0,0.0,-3.499,5
baseline,1773.333,29.9784,216.177,1.0,0.0,-4.372,5
baseline,1778.0,30.0561,218.616,1.0,0.0,-5.224,5
baseline,1782.667,30.133,221.018,1.0,0.0,-6.051,5
baseline,1787.333,30.209,223.377,1.0,0.0,-6.848,5
baseline,1792.0,30.2842,225.688,1.0,0.0,-7.612,6
baseline,1796.667,30.3587,227.945,1.0,0.0,-8.34,6
baseline,1801.333,30.4324,230.144,1.0,0.0,-9.029,6
baseline,1806.0,30.5054,232.281,1.0,0.0,-9.674,6
baseline,1810.667,30.5777,234.351,1.0,0.0,-10.275,6
baseline,1815.333,30.6494,236.352,1.0,0.0,-10.827,6
baseline,1820.0,30.7204,238.282,1.0,0.0,-11.33,6
baseline,1824.667,30.791,240.137,1.0,0.0,-11.782,6
baseline,1829.333,30.8609,241.915,1.0,0.0,-12.181,6
baseline,1834.0,30.9304,243.616,1.0,0.0,-12.526,6
baseline,1838.667,30.9993,245.239,1.0,0.0,-12.817,6
baseline,1843.333,31.0678,246.782,1.0,0.0,-13.053,6
baseline,1848.0,31.1359,248.245,1.0,0.0,-13.235,6
baseline,1852.667,31.2036,249.629,1.0,0.0,-13.363,6
baseline,1857.333,31.2709,250.934,1.0,0.0,-13.437,6
baseline,1862.0,31.3378,252.161,1.0,0.0,-13.46,6
baseline,1866.667,31.4045,253.31,1.0,0.0,-13.431,6
baseline,1871.333,31.4708,254.383,1.0,0.0,-13.354,6
baseline,1876.0,31.5368,255.381,1.0,0.0,-13.23,6
baseline,1880.667,31.6026,256.305,1.0,0.0,-13.062,6
baseline,1885.333,31.6681,257.157,1.0,0.0,-12.852,6
baseline,1890.0,31.7335,257.94,1.0,0.0,-12.603,6
baseline,1894.667,31.7986,258.654,1.0,0.0,-12.317,6
baseline,1899.333,31.8636,259.302,1.0,0.0,-11.999,7
baseline,1904.0,31.9283,259.887,1.0,0.0,-11.652,7
baseline,1908.667,31.993,260.409,1.0,0.0,-11.279,7
baseline,1913.333,32.0575,260.871,1.0,0.0,-10.883,7
baseline,1918.0,32.1219,261.275,1.0,0.0,-10.469,7
baseline,1922.667,32.1862,261.624,1.0,0.0,-10.039,7
baseline,1927.333,32.2504,261.918,1.0,0.0,-9.599,7
baseline,1932.0,32.3146,262.161,1.0,0.0,-9.15,7
baseline,1936.667,32.3786,262.354,1.0,0.0,-8.697,7
baseline,1941.333,32.4427,262.499,1.0,0.0,-8.244,7
baseline,1946.0,32.5067,262.598,1.0,0.0,-7.793,7
baseline,1950.667,32.5707,262.651,1.0,0.0,-7.348,7
baseline,1955.333,32.6346,262.662,0.995,0.0,-6.911,7
baseline,1960.0,32.6986,262.631,0.9745,0.0006,-6.487,7
baseline,1964.667,32.7625,262.56,0.9547,0.0238,-6.077,7
baseline,1969.333,32.8265,262.45,0.9355,0.0464,-5.684,7
baseline,1974.0,32.8905,262.303,0.0,0.0683,-5.309,7
baseline,1978.667,32.9546,262.118,0.0,0.0897,-4.955,7
baseline,1983.333,33.0187,261.898,0.0,0.1104,-4.624,7
baseline,1988.0,33.0828,261.642,0.0,0.1307,-4.316,7
baseline,1992.667,33.147,261.353,0.0,0.1506,-4.033,7
baseline,1997.333,33.2113,261.03,0.0,0.1702,-3.776,7
baseline,2002.0,33.2757,260.675,0.0,0.1894,-3.543,7
baseline,2006.667,33.3401,260.286,0.0,0.2083,-3.337,7
baseline,2011.333,33.4047,259.866,0.0,0.2271,-3.156,7
baseline,2016.0,33.4693,259.414,0.0,0.2456,-3.0,7
baseline,2020.667,33.5341,258.931,0.0,0.2641,-2.868,6
baseline,2025.333,33.599,258.417,0.0,0.2824,-2.759,6
baseline,2030.0,33.664,257.871,0.0,0.3007,-2.672,6
baseline,2034.667,33.7291,257.294,0.0,0.319,-2.604,6
baseline,2039.333,33.7944,256.686,0.0,0.3373,-2.555,6
baseline,2044.0,33.8599,256.047,0.0,0.3556,-2.521,6
baseline,2048.667,33.9255,255.377,0.0,0.3739,-2.501,6
baseline,2053.333,33.9913,254.676,0.0,0.3922,-2.492,6
baseline,2058.0,34.0572,253.944,0.0,0.4106,-2.492,6
baseline,2062.667,34.1234,253.18,0.0,0.4291,-2.497,6
baseline,2067.333,34.1897,252.385,0.0,0.4477,-2.505,6
baseline,2072.0,34.2563,251.558,0.0,0.4663,-2.513,6
baseline,2076.667,34.3231,250.699,0.0,0.4849,-2.518,6
baseline,2081.333,34.3901,249.809,0.0,0.5036,-2.517,6
baseline,2086.0,34.4574,248.887,0.0,0.5223,-2.507,6
baseline,2090.667,34.5249,247.933,0.0,0.541,-2.486,6
baseline,2095.333,34.5926,246.948,0.0,0.5598,-2.45,6
baseline,2100.0,34.6607,245.93,0.0,0.5784,-2.397,6
baseline,2104.667,34.729,244.881,0.0,0.5971,-2.324,6
baseline,2109.333,34.7976,243.8,0.0,0.6156,-2.229,6
baseline,2114.0,34.8665,242.688,0.0,0.634,-2.11,6
baseline,2118.667,34.9357,241.545,0.0,0.6522,-1.965,6
baseline,2123.333,35.0053,240.37,0.0,0.6702,-1.791,6
baseline,2128.0,35.0751,239.166,0.0,0.688,-1.588,6
baseline,2132.667,35.1454,237.931,0.0,0.7055,-1.354,6
baseline,2137.333,35.216,236.667,0.0,0.7226,-1.088,6
baseline,2142.0,35.287,235.374,0.0,0.7394,-0.79,6
baseline,2146.667,35.3584,234.053,0.0,0.7557,-0.459,6
baseline,2151.333,35.4301,232.705,0.0,0.7716,-0.096,6
baseline,2156.0,35.5023,231.33,0.0,0.7869,0.3,6
baseline,2160.667,35.575,229.929,0.0,0.8016,0.728,6
baseline,2165.333,35.648,228.505,0.0,0.8156,1.187,6
baseline,2170.0,35.7215,227.056,0.0,0.829,1.675,6
baseline,2174.667,35.7955,225.586,0.0,0.8416,2.192,6
baseline,2179.333,35.87,224.095,0.0,0.8533,2.734,5
baseline,2184.0,35.945,222.585,0.0,0.8642,3.301,5
baseline,2188.667,36.0205,221.057,0.0,0.8742,3.89,5
baseline,2193.333,36.0965,219.512,0.0,0.8833,4.497,5
baseline,2198.0,36.173,217.954,0.0,0.8912,5.12,5
baseline,2202.667,36.2501,216.382,0.0,0.8981,5.756,5
baseline,2207.333,36.3277,214.8,0.0,0.9039,6.401,5
baseline,2212.0,36.4059,213.209,0.0,0.9085,7.053,5
baseline,2216.667,36.4847,211.611,0.0,0.9119,7.706,5
baseline,2221.333,36.5641,210.009,0.0,0.9139,8.357,5
baseline,2226.0,36.6441,208.404,0.0,0.9147,9.003,5
baseline,2230.667,36.7247,206.799,0.0,0.9142,9.639,5
baseline,2235.333,36.806,205.196,0.0,0.9122,10.262,5
baseline,2240.0,36.8878,203.597,0.0,0.9088,10.867,5
baseline,2244.667,36.9703,202.006,0.0,0.904,11.45,5
baseline,2249.333,37.0535,200.423,0.0,0.8977,12.007,5
baseline,2254.0,37.1373,198.853,0.0,0.8899,12.536,5
baseline,2258.667,37.2218,197.298,0.0,0.8806,13.03,5
baseline,2263.333,37.307,195.759,0.0,0.8698,13.489,5
baseline,2268.0,37.3928,194.24,0.0,0.8575,13.906,5
baseline,2272.667,37.4793,192.744,0.0,0.8436,14.281,5
baseline,2277.333,37.5664,191.272,0.0,0.8282,14.609,5
baseline,2282.0,37.6543,189.828,0.0,0.8112,14.889,4
baseline,2286.667,37.7428,188.414,0.0,0.7928,15.116,4
baseline,2291.333,37.8319,187.032,0.0,0.7728,15.29,4
baseline,2296.0,37.9218,185.686,0.0,0.7514,15.409,4
baseline,2300.667,38.0122,184.378,0.0,0.7285,15.471,4
baseline,2305.333,38.1034,183.109,0.0,0.7042,15.475,4
baseline,2310.0,38.1951,181.884,0.0,0.6785,15.421,4
baseline,2314.667,38.2875,180.703,0.0,0.6514,15.307,4
baseline,2319.333,38.3804,179.569,0.0,0.6231,15.133,4
baseline,2324.0,38.474,178.484,0.0,0.5935,14.901,4
baseline,2328.667,38.5681,177.451,0.0,0.5627,14.611,4
baseline,2333.333,38.6628,176.471,0.0,0.5307,14.264,4
baseline,2338.0,38.758,175.546,0.0,0.4977,13.861,4
baseline,2342.667,38.8537,174.679,0.0,0.4636,13.404,4
baseline,2347.333,38.9499,173.87,0.0,0.4286,12.895,4
baseline,2352.0,39.0465,173.122,0.0,0.3928,12.337,4
baseline,2356.667,39.1435,172.435,0.0,0.3561,11.732,4
baseline,2361.333,39.241,171.811,0.0,0.3188,11.083,4
baseline,2366.0,39.3388,171.251,0.0,0.2808,10.394,4
baseline,2370.667,39.4369,170.756,0.0,0.2422,9.669,4
baseline,2375.333,39.5352,170.327,0.0,0.2032,8.91,4
baseline,2380.0,39.6339,169.965,0.0,0.1639,8.123,4
baseline,2384.667,39.7327,169.67,0.0,0.1242,7.31,4
baseline,2389.333,39.8317,169.443,0.0,0.0844,6.476,4
baseline,2394.0,39.9309,169.283,0.9372,0.0444,5.626,4
baseline,2398.667,40.0301,169.192,0.9712,0.0045,4.765,4
baseline,2403.333,40.1294,169.168,1.0,0.0,3.895,4
baseline,2408.0,40.2287,169.212,1.0,0.0,3.023,4
baseline,2412.667,40.328,169.323,1.0,0.0,2.152,4
baseline,2417.333,40.4272,169.501,1.0,0.0,1.286,4
baseline,2422.0,40.5263,169.745,1.0,0.0,0.431,4
baseline,2426.667,40.6253,170.054,1.0,0.0,-0.41,4
baseline,2431.333,40.7241,170.427,1.0,0.0,-1.233,4
baseline,2436.0,40.8227,170.863,1.0,0.0,-2.034,4
baseline,2440.667,40.921,171.361,1.0,0.0,-2.81,4
baseline,2445.333,41.0191,171.919,1.0,0.0,-3.556,4
baseline,2450.0,41.1168,172.536,1.0,0.0,-4.27,4
baseline,2454.667,41.2141,173.211,1.0,0.0,-4.949,4
baseline,2459.333,41.3111,173.941,1.0,0.0,-5.59,4
baseline,2464.0,41.4077,174.724,1.0,0.0,-6.191,4
baseline,2468.667,41.5039,175.559,1.0,0.0,-6.75,4
baseline,2473.333,41.5996,176.443,1.0,0.0,-7.265,4
baseline,2478.0,41.6948,177.375,1.0,0.0,-7.736,4
baseline,2482.667,41.7895,178.352,1.0,0.0,-8.16,4
baseline,2487.333,41.8837,179.371,1.0,0.0,-8.538,4
baseline,2492.0,41.9773,180.431,1.0,0.0,-8.869,4
baseline,2496.667,42.0705,181.529,1.0,0.0,-9.153,4
baseline,2501.333,42.163,182.662,1.0,0.0,-9.391,4
baseline,2506.0,42.255,183.828,1.0,0.0,-9.583,4
baseline,2510.667,42.3464,185.025,1.0,0.0,-9.731,4
baseline,2515.333,42.4372,186.249,1.0,0.0,-9.835,4
baseline,2520.0,42.5274,187.499,1.0,0.0,-9.898,4
baseline,2524.667,42.617,188.771,1.0,0.0,-9.921,4
baseline,2529.333,42.706,190.063,1.0,0.0,-9.907,4
baseline,2534.0,42.7944,191.372,1.0,0.0,-9.858,5
baseline,2538.667,42.8821,192.697,1.0,0.0,-9.777,5
baseline,2543.333,42.9693,194.033,1.0,0.0,-9.666,5
baseline,2548.0,43.0559,195.379,1.0,0.0,-9.528,5
baseline,2552.667,43.1419,196.733,1.0,0.0,-9.367,5
baseline,2557.333,43.2273,198.091,1.0,0.0,-9.186,5
baseline,2562.0,43.3121,199.451,1.0,0.0,-8.987,5
baseline,2566.667,43.3963,200.812,1.0,0.0,-8.774,5
baseline,2571.333,43.48,202.17,1.0,0.0,-8.552,5
baseline,2576.0,43.5631,203.523,1.0,0.0,-8.321,5
baseline,2580.667,43.6456,204.87,1.0,0.0,-8.087,5
baseline,2585.333,43.7276,206.208,1.0,0.0,-7.852,5
baseline,2590.0,43.8091,207.536,1.0,0.0,-7.619,5
baseline,2594.667,43.8901,208.85,1.0,0.0,-7.391,5
baseline,2599.333,43.9705,210.15,1.0,0.0,-7.171,5
baseline,2604.0,44.0504,211.433,1.0,0.0,-6.961,5
baseline,2608.667,44.1299,212.697,1.0,0.0,-6.764,5
baseline,2613.333,44.2089,213.942,1.0,0.0,-6.582,5
baseline,2618.0,44.2874,215.165,1.0,0.0,-6.416,5
baseline,2622.667,44.3655,216.365,1.0,0.0,-6.269,5
baseline,2627.333,44.4431,217.54,1.0,0.0,-6.141,5
baseline,2632.0,44.5204,218.69,1.0,0.0,-6.034,5
baseline,2636.667,44.5972,219.811,1.0,0.0,-5.948,5
baseline,2641.333,44.6736,220.904,1.0,0.0,-5.885,5
baseline,2646.0,44.7497,221.967,1.0,0.0,-5.843,5
baseline,2650.667,44.8254,222.998,1.0,0.0,-5.823,5
baseline,2655.333,44.9007,223.997,1.0,0.0,-5.825,5
baseline,2660.0,44.9757,224.962,1.0,0.0,-5.847,5
baseline,2664.667,45.0504,225.892,1.0,0.0,-5.889,6
baseline,2669.333,45.1247,226.786,1.0,0.0,-5.949,6
baseline,2674.0,45.1988,227.642,1.0,0.0,-6.026,6
baseline,2678.667,45.2726,228.46,1.0,0.0,-6.118,6
baseline,2683.333,45.3462,229.238,1.0,0.0,-6.223,6
baseline,2688.0,45.4194,229.975,1.0,0.0,-6.338,6
baseline,2692.667,45.4925,230.67,1.0,0.0,-6.461,6
baseline,2697.333,45.5653,231.32,1.0,0.0,-6.589,6
baseline,2702.0,45.638,231.926,1.0,0.0,-6.72,6
baseline,2706.667,45.7104,232.484,1.0,0.0,-6.851,6
baseline,2711.333,45.7827,232.994,1.0,0.0,-6.978,6
baseline,2716.0,45.8548,233.455,1.0,0.0,-7.098,6
baseline,2720.667,45.9267,233.863,1.0,0.0,-7.209,6
baseline,2725.333,45.9986,234.217,1.0,0.0,-7.307,6
baseline,2730.0,46.0703,234.516,1.0,0.0,-7.39,6
baseline,2734.667,46.1419,234.757,1.0,0.0,-7.453,6
baseline,2739.333,46.2135,234.937,1.0,0.0,-7.494,6
baseline,2744.0,46.285,235.055,1.0,0.0,-7.511,6
baseline,2748.667,46.3565,235.108,1.0,0.0,-7.5,6
baseline,2753.333,46.4279,235.093,0.975,0.0,-7.459,6
baseline,2758.0,46.4994,235.008,0.939,0.0423,-7.385,6
baseline,2762.667,46.5709,234.849,0.0,0.0862,-7.277,6
baseline,2767.333,46.6424,234.615,0.0,0.1319,-7.133,6
baseline,2772.0,46.714,234.301,0.0,0.1793,-6.95,6
baseline,2776.667,46.7857,233.905,0.0,0.2285,-6.728,6
baseline,2781.333,46.8575,233.424,0.0,0.2796,-6.465,6
baseline,2786.0,46.9295,232.854,0.0,0.3324,-6.161,6
baseline,2790.667,47.0017,232.194,0.0,0.387,-5.816,6
baseline,2795.333,47.074,231.439,0.0,0.4434,-5.428,6
baseline,2800.0,47.1466,230.586,0.0,0.5014,-4.999,6
baseline,2804.667,47.2195,229.634,0.0,0.561,-4.528,6
baseline,2809.333,47.2926,228.579,0.0,0.6222,-4.017,6
baseline,2814.0,47.3661,227.418,0.0,0.6847,-3.468,6
baseline,2818.667,47.44,226.151,0.0,0.7483,-2.88,6
baseline,2823.333,47.5143,224.774,0.0,0.813,-2.257,5
baseline,2828.0,47.589,223.287,0.0,0.8785,-1.601,5
baseline,2832.667,47.6643,221.687,0.0,0.9446,-0.914,5
baseline,2837.333,47.74,219.975,0.0,1.0,-0.199,5
baseline,2842.0,47.8164,218.15,0.0,1.0,0.542,5
baseline,2846.667,47.8934,216.212,0.0,1.0,1.304,5
baseline,2851.333,47.9711,214.163,0.0,1.0,2.084,5
baseline,2856.0,48.0496,212.003,0.0,1.0,2.879,5
baseline,2860.667,48.1288,209.735,0.0,1.0,3.684,5
baseline,2865.333,48.2089,207.363,0.0,1.0,4.496,5
baseline,2870.0,48.2899,204.888,0.0,1.0,5.311,5
baseline,2874.667,48.3719,202.317,0.0,1.0,6.124,5
baseline,2879.333,48.455,199.653,0.0,1.0,6.93,5
baseline,2884.0,48.5391,196.904,0.0,1.0,7.726,5
baseline,2888.667,48.6244,194.075,0.0,1.0,8.507,5
baseline,2893.333,48.711,191.175,0.0,1.0,9.269,5
baseline,2898.0,48.7989,188.211,0.0,1.0,10.008,4
baseline,2902.667,48.8881,185.194,0.0,1.0,10.719,4
baseline,2907.333,48.9789,182.132,0.0,1.0,11.399,4
baseline,2912.0,49.0711,179.037,0.0,1.0,12.043,4
baseline,2916.667,49.1649,175.921,0.0,1.0,12.649,4
baseline,2921.333,49.2604,172.794,0.0,1.0,13.212,4
baseline,2926.0,49.3577,169.669,0.0,1.0,13.729,4
baseline,2930.667,49.4567,166.56,0.0,1.0,14.198,4
baseline,2935.333,49.5575,163.48,0.0,1.0,14.616,4
baseline,2940.0,49.6603,160.443,0.0,1.0,14.98,4
baseline,2944.667,49.765,157.463,0.0,1.0,15.289,4
baseline,2949.333,49.8717,154.553,0.0,1.0,15.54,3
baseline,2954.0,49.9804,151.729,0.0,1.0,15.733,3
baseline,2958.667,50.0911,149.003,0.0,1.0,15.866,3
baseline,2963.333,50.2039,146.391,0.0,1.0,15.939,3
baseline,2968.0,50.3186,143.905,0.0,1.0,15.952,3
baseline,2972.667,50.4354,141.558,0.0,1.0,15.905,3
baseline,2977.333,50.5541,139.363,0.0,1.0,15.798,3
baseline,2982.0,50.6746,137.333,0.0,1.0,15.632,3
baseline,2986.667,50.7969,135.477,0.0,1.0,15.409,3
baseline,2991.333,50.9209,133.807,0.0,0.8958,15.129,3
baseline,2996.0,51.0465,132.331,0.0,0.7789,14.796,3
baseline,3000.667,51.1735,131.059,0.0,0.6575,14.411,3
baseline,3005.333,51.3016,129.996,0.0,0.5322,13.976,3
baseline,3010.0,51.4309,129.149,0.0,0.4037,13.495,3
baseline,3014.667,51.561,128.523,0.0,0.2729,12.971,3
baseline,3019.333,51.6917,128.121,0.0,0.1405,12.407,3
baseline,3024.0,51.8228,127.946,0.6976,0.0072,11.806,3
baseline,3028.667,51.9541,127.997,0.72,0.0,11.173,3
baseline,3033.333,52.0854,128.274,0.72,0.0,10.51,3
baseline,3038.0,52.2163,128.776,0.72,0.0,9.823,3
baseline,3042.667,52.3468,129.499,0.72,0.0,9.116,3
baseline,3047.333,52.4765,130.438,0.72,0.0,8.391,3
baseline,3052.0,52.6053,131.588,0.72,0.0,7.655,3
baseline,3056.667,52.733,132.942,0.72,0.0,6.91,3
baseline,3061.333,52.8594,134.491,0.72,0.0,6.162,3
baseline,3066.0,52.9843,136.227,0.72,0.0,5.413,3
baseline,3070.667,53.1076,138.138,0.72,0.0,4.669,3
baseline,3075.333,53.2292,140.216,0.72,0.0,3.933,3
baseline,3080.0,53.349,142.446,0.72,0.0,3.209,3
baseline,3084.667,53.467,144.818,0.72,0.0,2.5,3
baseline,3089.333,53.583,147.318,0.72,0.0,1.81,3
baseline,3094.0,53.697,149.933,0.72,0.0,1.142,3
baseline,3098.667,53.8091,152.649,0.72,0.0,0.499,3
baseline,3103.333,53.9191,155.452,0.72,0.0,-0.116,3
baseline,3108.0,54.0272,158.328,0.72,0.0,-0.702,4
baseline,3112.667,54.1333,161.264,0.72,0.0,-1.255,4
baseline,3117.333,54.2375,164.246,0.72,0.0,-1.775,4
baseline,3122.0,54.3398,167.259,1.0,0.0,-2.259,4
baseline,3126.667,54.4402,170.292,1.0,0.0,-2.708,4
baseline,3131.333,54.5389,173.33,1.0,0.0,-3.119,4
baseline,3136.0,54.6358,176.362,1.0,0.0,-3.492,4
baseline,3140.667,54.731,179.376,1.0,0.0,-3.828,4
baseline,3145.333,54.8247,182.36,1.0,0.0,-4.126,4
baseline,3150.0,54.9168,185.305,1.0,0.0,-4.388,4
baseline,3154.667,55.0075,188.201,1.0,0.0,-4.613,4
baseline,3159.333,55.0968,191.038,1.0,0.0,-4.804,5
baseline,3164.0,55.1847,193.809,1.0,0.0,-4.96,5
baseline,3168.667,55.2714,196.506,1.0,0.0,-5.085,5
baseline,3173.333,55.3569,199.122,1.0,0.0,-5.18,5
baseline,3178.0,55.4412,201.653,1.0,0.0,-5.247,5
baseline,3182.667,55.5246,204.092,1.0,0.0,-5.289,5
baseline,3187.333,55.6069,206.437,1.0,0.0,-5.307,5
baseline,3192.0,55.6883,208.682,1.0,0.0,-5.306,5
baseline,3196.667,55.7688,210.827,1.0,0.0,-5.287,5
baseline,3201.333,55.8484,212.869,1.0,0.0,-5.253,5
baseline,3206.0,55.9274,214.807,1.0,0.0,-5.208,5
baseline,3210.667,56.0056,216.639,1.0,0.0,-5.154,5
baseline,3215.333,56.0831,218.367,1.0,0.0,-5.095,5
baseline,3220.0,56.1601,219.99,1.0,0.0,-5.033,5
baseline,3224.667,56.2364,221.51,1.0,0.0,-4.972,5
baseline,3229.333,56.3123,222.928,1.0,0.0,-4.914,5
baseline,3234.0,56.3876,224.245,1.0,0.0,-4.862,5
baseline,3238.667,56.4625,225.465,1.0,0.0,-4.819,6
baseline,3243.333,56.5371,226.588,1.0,0.0,-4.787,6
baseline,3248.0,56.6112,227.618,1.0,0.0,-4.769,6
baseline,3252.667,56.685,228.558,1.0,0.0,-4.766,6
baseline,3257.333,56.7585,229.41,1.0,0.0,-4.781,6
baseline,3262.0,56.8317,230.177,1.0,0.0,-4.815,6
baseline,3266.667,56.9047,230.863,1.0,0.0,-4.869,6
baseline,3271.333,56.9775,231.471,1.0,0.0,-4.946,6
baseline,3276.0,57.0501,232.003,1.0,0.0,-5.044,6
baseline,3280.667,57.1225,232.464,1.0,0.0,-5.166,6
baseline,3285.333,57.1948,232.854,1.0,0.0,-5.31,6
baseline,3290.0,57.2669,233.179,1.0,0.0,-5.478,6
baseline,3294.667,57.339,233.439,1.0,0.0,-5.668,6
baseline,3299.333,57.4109,233.639,1.0,0.0,-5.881,6
baseline,3304.0,57.4828,233.78,1.0,0.0,-6.114,6
baseline,3308.667,57.5547,233.865,1.0,0.0,-6.367,6
baseline,3313.333,57.6265,233.896,1.0,0.0,-6.638,6
baseline,3318.0,57.6984,233.875,0.9769,0.0,-6.925,6
baseline,3322.667,57.7702,233.803,0.9522,0.0268,-7.227,6
baseline,3327.333,57.8421,233.683,0.0,0.0549,-7.54,6
baseline,3332.0,57.9139,233.516,0.0,0.0822,-7.862,6
baseline,3336.667,57.9859,233.304,0.0,0.1088,-8.191,6
baseline,3341.333,58.0579,233.047,0.0,0.1347,-8.523,6
baseline,3346.0,58.13,232.746,0.0,0.16,-8.855,6
baseline,3350.667,58.2022,232.403,0.0,0.1849,-9.185,6
baseline,3355.333,58.2745,232.017,0.0,0.2094,-9.508,6
baseline,3360.0,58.3469,231.59,0.0,0.2336,-9.822,6
baseline,3364.667,58.4194,231.123,0.0,0.2576,-10.122,6
baseline,3369.333,58.4921,230.615,0.0,0.2813,-10.406,6
baseline,3374.0,58.5649,230.066,0.0,0.305,-10.67,6
baseline,3378.667,58.638,229.478,0.0,0.3285,-10.911,6
baseline,3383.333,58.7112,228.849,0.0,0.352,-11.125,6
baseline,3388.0,58.7846,228.181,0.0,0.3755,-11.309,6
baseline,3392.667,58.8582,227.473,0.0,0.399,-11.46,6
baseline,3397.333,58.9321,226.724,0.0,0.4226,-11.576,6
baseline,3402.0,59.0062,225.936,0.0,0.4461,-11.653,6
baseline,3406.667,59.0805,225.107,0.0,0.4697,-11.688,6
baseline,3411.333,59.1552,224.239,0.0,0.4934,-11.681,5
baseline,3416.0,59.2301,223.33,0.0,0.517,-11.628,5
baseline,3420.667,59.3053,222.381,0.0,0.5407,-11.529,5
baseline,3425.333,59.3808,221.392,0.0,0.5643,-11.381,5
baseline,3430.0,59.4567,220.362,0.0,0.5878,-11.183,5
baseline,3434.667,59.533,219.293,0.0,0.6113,-10.936,5
baseline,3439.333,59.6096,218.184,0.0,0.6346,-10.637,5
baseline,3444.0,59.6866,217.035,0.0,0.6577,-10.289,5
baseline,3448.667,59.764,215.848,0.0,0.6806,-9.889,5
baseline,3453.333,59.8418,214.621,0.0,0.7031,-9.44,5
baseline,3458.0,59.9201,213.357,0.0,0.7253,-8.943,5
baseline,3462.667,59.9988,212.055,0.0,0.747,-8.398,5
baseline,3467.333,60.0781,210.717,0.0,0.7682,-7.807,5
baseline,3472.0,60.1578,209.343,0.0,0.7889,-7.173,5
baseline,3476.667,60.238,207.935,0.0,0.8088,-6.497,5
baseline,3481.333,60.3188,206.493,0.0,0.828,-5.783,5
baseline,3486.0,60.4002,205.02,0.0,0.8463,-5.033,5
baseline,3490.667,60.4821,203.516,0.0,0.8637,-4.25,5
baseline,3495.333,60.5647,201.983,0.0,0.8801,-3.438,5
baseline,3500.0,60.6479,200.424,0.0,0.8954,-2.601,5
baseline,3504.667,60.7317,198.839,0.0,0.9095,-1.743,5
baseline,3509.333,60.8162,197.231,0.0,0.9223,-0.867,5
baseline,3514.0,60.9013,195.603,0.0,0.9337,0.021,5
baseline,3518.667,60.9872,193.957,0.0,0.9437,0.919,5
baseline,3523.333,61.0739,192.295,0.0,0.9522,1.821,5
baseline,3528.0,61.1612,190.619,0.0,0.9591,2.722,4
baseline,3532.667,61.2494,188.934,0.0,0.9642,3.619,4
baseline,3537.333,61.3383,187.241,0.0,0.9677,4.507,4
baseline,3542.0,61.428,185.544,0.0,0.9692,5.381,4
baseline,3546.667,61.5185,183.845,0.0,0.9689,6.237,4
baseline,3551.333,61.6099,182.149,0.0,0.9667,7.071,4
baseline,3556.0,61.7022,180.459,0.0,0.9624,7.878,4
baseline,3560.667,61.7953,178.777,0.0,0.9561,8.655,4
baseline,3565.333,61.8892,177.108,0.0,0.9476,9.397,4
baseline,3570.0,61.9841,175.455,0.0,0.9371,10.101,4
baseline,3574.667,62.0798,173.822,0.0,0.9244,10.764,4
baseline,3579.333,62.1765,172.213,0.0,0.9095,11.383,4
baseline,3584.0,62.274,170.63,0.0,0.8924,11.955,4
baseline,3588.667,62.3725,169.078,0.0,0.8731,12.477,4
baseline,3593.333,62.4719,167.562,0.0,0.8516,12.947,4
baseline,3598.0,62.5721,166.083,0.0,0.828,13.364,4
baseline,3602.667,62.6733,164.646,0.0,0.8022,13.725,4
baseline,3607.333,62.7753,163.255,0.0,0.7743,14.03,4
baseline,3612.0,62.8782,161.914,0.0,0.7443,14.279,4
baseline,3616.667,62.982,160.625,0.0,0.7122,14.469,4
baseline,3621.333,63.0866,159.392,0.0,0.6782,14.603,4
baseline,3626.0,63.192,158.219,0.0,0.6423,14.679,4
baseline,3630.667,63.2981,157.108,0.0,0.6045,14.699,4
baseline,3635.333,63.4051,156.064,0.0,0.565,14.664,3
baseline,3640.0,63.5127,155.088,0.0,0.5238,14.575,3
baseline,3644.667,63.6211,154.183,0.0,0.481,14.434,3
baseline,3649.333,63.73,153.352,0.0,0.4368,14.242,3
baseline,3654.0,63.8396,152.598,0.0,0.3912,14.002,3
baseline,3658.667,63.9497,151.922,0.0,0.3443,13.718,3
baseline,3663.333,64.0602,151.327,0.0,0.2964,13.391,3
baseline,3668.0,64.1713,150.814,0.0,0.2474,13.024,3
baseline,3672.667,64.2827,150.386,0.0,0.1976,12.621,3
baseline,3677.333,64.3944,150.042,0.0,0.1471,12.186,3
baseline,3682.0,64.5063,149.786,0.0,0.096,11.722,3
baseline,3686.667,64.6185,149.616,0.6748,0.0445,11.232,3
baseline,3691.333,64.7308,149.534,0.7065,0.0,10.721,3
baseline,3696.0,64.8431,149.541,0.72,0.0,10.192,3
baseline,3700.667,64.9555,149.636,0.72,0.0,9.649,3
baseline,3705.333,65.0678,149.82,0.72,0.0,9.096,3
baseline,3710.0,65.1799,150.091,0.72,0.0,8.536,3
baseline,3714.667,65.2918,150.449,0.72,0.0,7.974,3
baseline,3719.333,65.4035,150.894,0.72,0.0,7.414,3
baseline,3724.0,65.5148,151.425,0.72,0.0,6.858,3
baseline,3728.667,65.6258,152.039,0.72,0.0,6.31,3
baseline,3733.333,65.7363,152.736,0.72,0.0,5.773,3
baseline,3738.0,65.8463,153.513,0.72,0.0,5.25,3
baseline,3742.667,65.9557,154.369,0.72,0.0,4.745,3
baseline,3747.333,66.0645,155.301,0.72,0.0,4.258,3
baseline,3752.0,66.1727,156.307,0.72,0.0,3.794,3
baseline,3756.667,66.2802,157.385,0.72,0.0,3.353,4
baseline,3761.333,66.3869,158.531,0.72,0.0,2.937,4
baseline,3766.0,66.4929,159.742,0.72,0.0,2.549,4
baseline,3770.667,66.5981,161.017,0.72,0.0,2.188,4
baseline,3775.333,66.7024,162.351,0.72,0.0,1.855,4
baseline,3780.0,66.8059,163.741,0.72,0.0,1.552,4
baseline,3784.667,66.9085,165.183,1.0,0.0,1.277,4
baseline,3789.333,67.0102,166.675,1.0,0.0,1.032,4
baseline,3794.0,67.111,168.212,1.0,0.0,0.815,4
baseline,3798.667,67.2109,169.791,1.0,0.0,0.625,4
baseline,3803.333,67.3098,171.409,1.0,0.0,0.463,4
baseline,3808.0,67.4078,173.061,1.0,0.0,0.325,4
baseline,3812.667,67.5049,174.743,1.0,0.0,0.211,4
baseline,3817.333,67.601,176.453,1.0,0.0,0.118,4
baseline,3822.0,67.6962,178.186,1.0,0.0,0.045,4
baseline,3826.667,67.7905,179.939,1.0,0.0,-0.01,4
baseline,3831.333,67.8839,181.708,1.0,0.0,-0.051,4
baseline,3836.0,67.9764,183.489,1.0,0.0,-0.079,4
baseline,3840.667,68.0679,185.279,1.0,0.0,-0.098,4
baseline,3845.333,68.1586,187.075,1.0,0.0,-0.11,4
baseline,3850.0,68.2484,188.872,1.0,0.0,-0.118,4
baseline,3854.667,68.3373,190.669,1.0,0.0,-0.125,4
baseline,3859.333,68.4254,192.461,1.0,0.0,-0.134,5
baseline,3864.0,68.5127,194.245,1.0,0.0,-0.148,5
baseline,3868.667,68.5992,196.019,1.0,0.0,-0.17,5
baseline,3873.333,68.6849,197.78,1.0,0.0,-0.202,5
baseline,3878.0,68.7699,199.525,1.0,0.0,-0.247,5
baseline,3882.667,68.8541,201.251,1.0,0.0,-0.308,5
baseline,3887.333,68.9376,202.957,1.0,0.0,-0.387,5
baseline,3892.0,69.0203,204.64,1.0,0.0,-0.486,5
baseline,3896.667,69.1024,206.298,1.0,0.0,-0.608,5
baseline,3901.333,69.1839,207.929,1.0,0.0,-0.753,5
baseline,3906.0,69.2647,209.531,1.0,0.0,-0.924,5
baseline,3910.667,69.3448,211.102,1.0,0.0,-1.122,5
baseline,3915.333,69.4244,212.642,1.0,0.0,-1.347,5
baseline,3920.0,69.5034,214.149,1.0,0.0,-1.601,5
baseline,3924.667,69.5819,215.622,1.0,0.0,-1.883,5
baseline,3929.333,69.6598,217.059,1.0,0.0,-2.194,5
baseline,3934.0,69.7372,218.46,1.0,0.0,-2.534,5
baseline,3938.667,69.8141,219.824,1.0,0.0,-2.901,5
baseline,3943.333,69.8905,221.15,1.0,0.0,-3.296,5
baseline,3948.0,69.9665,222.439,1.0,0.0,-3.716,5
baseline,3952.667,70.042,223.69,1.0,0.0,-4.161,5
baseline,3957.333,70.1171,224.902,1.0,0.0,-4.628,5
baseline,3962.0,70.1918,226.075,1.0,0.0,-5.116,6
baseline,3966.667,70.2661,227.21,1.0,0.0,-5.621,6
baseline,3971.333,70.3401,228.307,1.0,0.0,-6.142,6
baseline,3976.0,70.4136,229.366,1.0,0.0,-6.676,6
baseline,3980.667,70.4869,230.387,1.0,0.0,-7.219,6
baseline,3985.333,70.5598,231.371,1.0,0.0,-7.768,6
baseline,3990.0,70.6324,232.318,1.0,0.0,-8.321,6
baseline,3994.667,70.7047,233.228,1.0,0.0,-8.872,6
baseline,3999.333,70.7768,234.104,1.0,0.0,-9.419,6
baseline,4004.0,70.8485,234.944,1.0,0.0,-9.958,6
baseline,4008.667,70.92,235.75,1.0,0.0,-10.485,6
baseline,4013.333,70.9913,236.523,1.0,0.0,-10.996,6
baseline,4018.0,71.0623,237.263,1.0,0.0,-11.488,6
baseline,4022.667,71.1331,237.972,1.0,0.0,-11.956,6
baseline,4027.333,71.2037,238.65,1.0,0.0,-12.397,6
baseline,4032.0,71.2741,239.299,1.0,0.0,-12.807,6
baseline,4036.667,71.3443,239.919,1.0,0.0,-13.182,6
baseline,4041.333,71.4144,240.511,1.0,0.0,-13.52,6
baseline,4046.0,71.4842,241.077,1.0,0.0,-13.818,6
baseline,4050.667,71.5539,241.617,1.0,0.0,-14.071,6
baseline,4055.333,71.6234,242.132,1.0,0.0,-14.278,6
baseline,4060.0,71.6928,242.623,1.0,0.0,-14.436,6
baseline,4064.667,71.7621,243.092,1.0,0.0,-14.543,6
baseline,4069.333,71.8312,243.539,1.0,0.0,-14.597,6
baseline,4074.0,71.9001,243.966,1.0,0.0,-14.597,6
baseline,4078.667,71.969,244.372,1.0,0.0,-14.541,6
baseline,4083.333,72.0378,244.76,1.0,0.0,-14.428,6
baseline,4088.0,72.1064,245.13,1.0,0.0,-14.259,6
baseline,4092.667,72.1749,245.484,1.0,0.0,-14.032,6
baseline,4097.333,72.2434,245.821,1.0,0.0,-13.748,6
baseline,4102.0,72.3117,246.143,1.0,0.0,-13.408,6
baseline,4106.667,72.38,246.45,1.0,0.0,-13.012,6
baseline,4111.333,72.4481,246.744,1.0,0.0,-12.562,6
baseline,4116.0,72.5162,247.025,1.0,0.0,-12.06,6
baseline,4120.667,72.5842,247.295,1.0,0.0,-11.507,6
baseline,4125.333,72.6522,247.552,1.0,0.0,-10.906,6
baseline,4130.0,72.72,247.8,1.0,0.0,-10.259,6
baseline,4134.667,72.7878,248.037,1.0,0.0,-9.57,6
baseline,4139.333,72.8556,248.265,1.0,0.0,-8.842,6
baseline,4144.0,72.9232,248.485,1.0,0.0,-8.077,6
baseline,4148.667,72.9908,248.696,1.0,0.0,-7.281,6
baseline,4153.333,73.0584,248.9,1.0,0.0,-6.456,6
baseline,4158.0,73.1259,249.096,1.0,0.0,-5.607,6
baseline,4162.667,73.1933,249.286,1.0,0.0,-4.738,6
baseline,4167.333,73.2607,249.47,1.0,0.0,-3.854,6
baseline,4172.0,73.3281,249.648,1.0,0.0,-2.958,6
baseline,4176.667,73.3954,249.821,1.0,0.0,-2.056,6
baseline,4181.333,73.4626,249.988,1.0,0.0,-1.152,6
baseline,4186.0,73.5298,250.151,1.0,0.0,-0.25,6
baseline,4190.667,73.597,250.31,1.0,0.0,0.645,6
baseline,4195.333,73.6641,250.464,1.0,0.0,1.529,6
improved,0.0,0.0,251.814,1.0,0.0,2.397,6
improved,4.667,0.0667,251.961,1.0,0.0,3.246,6
improved,9.333,0.1334,252.103,1.0,0.0,4.07,6
improved,14.0,0.2,252.243,1.0,0.0,4.867,6
improved,18.667,0.2666,252.378,1.0,0.0,5.634,6
improved,23.333,0.3332,252.51,1.0,0.0,6.365,6
improved,28.0,0.3997,252.639,1.0,0.0,7.059,6
improved,32.667,0.4662,252.764,1.0,0.0,7.713,6
improved,37.333,0.5327,252.885,1.0,0.0,8.323,6
improved,42.0,0.5991,253.002,1.0,0.0,8.889,6
improved,46.667,0.6655,253.115,1.0,0.0,9.408,6
improved,51.333,0.7319,253.223,1.0,0.0,9.878,6
improved,56.0,0.7983,253.326,1.0,0.0,10.298,6
improved,60.667,0.8646,253.424,1.0,0.0,10.669,6
improved,65.333,0.9309,253.515,1.0,0.0,10.988,6
improved,70.0,0.9971,253.6,1.0,0.0,11.256,6
improved,74.667,1.0634,253.677,1.0,0.0,11.474,6
improved,79.333,1.1296,253.745,1.0,0.0,11.641,6
improved,84.0,1.1958,253.804,1.0,0.0,11.759,6
improved,88.667,1.262,253.853,1.0,0.0,11.829,6
improved,93.333,1.3282,253.889,1.0,0.0,11.852,6
improved,98.0,1.3944,253.912,1.0,0.0,11.831,6
improved,102.667,1.4605,253.921,1.0,0.0,11.768,6
improved,107.333,1.5267,253.912,1.0,0.0,11.664,6
improved,112.0,1.5928,253.885,1.0,0.0,11.523,6
improved,116.667,1.659,253.838,0.9955,0.0049,11.347,6
improved,121.333,1.7252,253.767,0.9835,0.0179,11.139,6
improved,126.0,1.7914,253.672,0.9701,0.0323,10.903,6
improved,130.667,1.8576,253.548,0.9554,0.0482,10.642,6
improved,135.333,1.9239,253.393,0.0,0.0657,10.358,6
improved,140.0,1.9902,253.205,0.0,0.0849,10.056,6
improved,144.667,2.0565,252.979,0.0,0.1059,9.74,6
improved,149.333,2.1229,252.713,0.0,0.1289,9.411,6
improved,154.0,2.1894,252.403,0.0,0.1538,9.075,6
improved,158.667,2.256,252.045,0.0,0.1808,8.734,6
improved,163.333,2.3226,251.635,0.0,0.21,8.391,6
improved,168.0,2.3894,251.169,0.0,0.2415,8.05,6
improved,172.667,2.4563,250.643,0.0,0.2753,7.714,6
improved,177.333,2.5233,250.052,0.0,0.3114,7.386,6
improved,182.0,2.5905,249.392,0.0,0.3501,7.068,6
improved,186.667,2.6579,248.658,0.0,0.3911,6.763,6
improved,191.333,2.7254,247.846,0.0,0.4346,6.474,6
improved,196.0,2.7932,246.952,0.0,0.4806,6.201,6
improved,200.667,2.8612,245.97,0.0,0.5289,5.947,6
improved,205.333,2.9295,244.897,0.0,0.5795,5.714,6
improved,210.0,2.9981,243.728,0.0,0.6324,5.503,6
improved,214.667,3.0671,242.46,0.0,0.6873,5.314,6
improved,219.333,3.1364,241.088,0.0,0.7441,5.148,6
improved,224.0,3.206,239.61,0.0,0.8027,5.005,6
improved,228.667,3.2762,238.022,0.0,0.8628,4.885,6
improved,233.333,3.3467,236.321,0.0,0.92,4.789,6
improved,238.0,3.4178,234.507,0.0,0.92,4.714,6
improved,242.667,3.4895,232.576,0.0,0.92,4.662,6
improved,247.333,3.5617,230.53,0.0,0.92,4.629,6
improved,252.0,3.6346,228.366,0.0,0.92,4.615,6
improved,256.667,3.7082,226.087,0.0,0.92,4.617,6
improved,261.333,3.7825,223.694,0.0,0.92,4.635,5
improved,266.0,3.8576,221.188,0.0,0.92,4.666,5
improved,270.667,3.9335,218.575,0.0,0.92,4.706,5
improved,275.333,4.0104,215.857,0.0,0.92,4.755,5
improved,280.0,4.0882,213.04,0.0,0.92,4.809,5
improved,284.667,4.1671,210.13,0.0,0.92,4.865,5
improved,289.333,4.247,207.136,0.0,0.92,4.92,5
improved,294.0,4.3281,204.065,0.0,0.92,4.972,5
improved,298.667,4.4104,200.926,0.0,0.92,5.017,5
improved,303.333,4.4941,197.731,0.0,0.92,5.053,5
improved,308.0,4.579,194.49,0.0,0.92,5.076,5
improved,312.667,4.6654,191.216,0.0,0.92,5.083,5
improved,317.333,4.7533,187.923,0.0,0.92,5.072,4
improved,322.0,4.8427,184.624,0.0,0.92,5.04,4
improved,326.667,4.9337,181.333,0.0,0.92,4.984,4
improved,331.333,5.0263,178.067,0.0,0.92,4.902,4
improved,336.0,5.1207,174.841,0.0,0.92,4.792,4
improved,340.667,5.2167,171.672,0.0,0.92,4.651,4
improved,345.333,5.3146,168.575,0.0,0.92,4.477,4
improved,350.0,5.4143,165.568,0.0,0.92,4.27,4
improved,354.667,5.5157,162.667,0.0,0.92,4.028,4
improved,359.333,5.619,159.889,0.0,0.92,3.749,4
improved,364.0,5.7241,157.25,0.0,0.92,3.434,4
improved,368.667,5.8309,154.766,0.0,0.92,3.081,3
improved,373.333,5.9395,152.452,0.0,0.92,2.691,3
improved,378.0,6.0497,150.322,0.0,0.92,2.264,3
improved,382.667,6.1614,148.39,0.0,0.92,1.801,3
improved,387.333,6.2746,146.668,0.0,0.8446,1.303,3
improved,392.0,6.3892,145.169,0.0,0.7219,0.77,3
improved,396.667,6.5049,143.901,0.0,0.594,0.205,3
improved,401.333,6.6217,142.873,0.0,0.4619,-0.391,3
improved,406.0,6.7392,142.094,0.0,0.3262,-1.016,3
improved,410.667,6.8575,141.568,0.0,0.1878,-1.666,3
improved,415.333,6.9761,141.3,0.6953,0.0477,-2.34,3
improved,420.0,7.095,141.291,0.745,0.0,-3.033,3
improved,424.667,7.2139,141.544,0.745,0.0,-3.744,3
improved,429.333,7.3326,142.057,0.745,0.0,-4.468,3
improved,434.0,7.4509,142.828,0.745,0.0,-5.202,3
improved,438.667,7.5685,143.852,0.745,0.0,-5.942,3
improved,443.333,7.6853,145.123,0.745,0.0,-6.683,3
improved,448.0,7.8011,146.635,0.745,0.0,-7.423,3
improved,452.667,7.9156,148.378,0.745,0.0,-8.157,3
improved,457.333,8.0289,150.343,0.745,0.0,-8.88,3
improved,462.0,8.1406,152.517,0.745,0.0,-9.588,3
improved,466.667,8.2508,154.888,0.745,0.0,-10.278,3
improved,471.333,8.3592,157.443,0.745,0.0,-10.945,4
improved,476.0,8.4659,160.166,0.745,0.0,-11.585,4
improved,480.667,8.5708,163.044,0.745,0.0,-12.194,4
improved,485.333,8.6739,166.059,1.0,0.0,-12.768,4
improved,490.0,8.775,169.196,1.0,0.0,-13.304,4
improved,494.667,8.8743,172.437,1.0,0.0,-13.799,4
improved,499.333,8.9718,175.766,1.0,0.0,-14.248,4
improved,504.0,9.0673,179.167,1.0,0.0,-14.649,4
improved,508.667,9.1611,182.622,1.0,0.0,-15.0,4
improved,513.333,9.2531,186.115,1.0,0.0,-15.298,4
improved,518.0,9.3434,189.629,1.0,0.0,-15.541,4
improved,522.667,9.432,193.15,1.0,0.0,-15.727,5
improved,527.333,9.5189,196.662,1.0,0.0,-15.854,5
improved,532.0,9.6044,200.152,1.0,0.0,-15.923,5
improved,536.667,9.6883,203.604,1.0,0.0,-15.931,5
improved,541.333,9.7708,207.008,1.0,0.0,-15.879,5
improved,546.0,9.852,210.35,1.0,0.0,-15.767,5
improved,550.667,9.9318,213.621,1.0,0.0,-15.596,5
improved,555.333,10.0105,216.81,1.0,0.0,-15.365,5
improved,560.0,10.088,219.909,1.0,0.0,-15.076,5
improved,564.667,10.1644,222.909,1.0,0.0,-14.731,5
improved,569.333,10.2397,225.804,1.0,0.0,-14.332,6
improved,574.0,10.3141,228.589,1.0,0.0,-13.88,6
improved,578.667,10.3876,231.258,1.0,0.0,-13.378,6
improved,583.333,10.4603,233.807,1.0,0.0,-12.83,6
improved,588.0,10.5321,236.234,1.0,0.0,-12.237,6
improved,592.667,10.6032,238.537,1.0,0.0,-11.604,6
improved,597.333,10.6737,240.713,1.0,0.0,-10.934,6
improved,602.0,10.7435,242.763,1.0,0.0,-10.231,6
improved,606.667,10.8127,244.686,1.0,0.0,-9.498,6
improved,611.333,10.8813,246.484,1.0,0.0,-8.741,6
improved,616.0,10.9495,248.157,1.0,0.0,-7.962,6
improved,620.667,11.0172,249.708,1.0,0.0,-7.166,6
improved,625.333,11.0845,251.138,1.0,0.0,-6.358,6
improved,630.0,11.1514,252.45,1.0,0.0,-5.542,6
improved,634.667,11.2179,253.647,1.0,0.0,-4.722,6
improved,639.333,11.2841,254.733,1.0,0.0,-3.903,6
improved,644.0,11.3501,255.71,1.0,0.0,-3.088,6
improved,648.667,11.4158,256.582,1.0,0.0,-2.282,6
improved,653.333,11.4813,257.352,1.0,0.0,-1.49,6
improved,658.0,11.5465,258.025,1.0,0.0,-0.714,6
improved,662.667,11.6117,258.603,1.0,0.0,0.042,6
improved,667.333,11.6766,259.091,1.0,0.0,0.774,7
improved,672.0,11.7415,259.492,1.0,0.0,1.479,7
improved,676.667,11.8062,259.809,1.0,0.0,2.154,7
improved,681.333,11.8709,260.045,1.0,0.0,2.796,7
improved,686.0,11.9355,260.205,1.0,0.0,3.404,7
improved,690.667,12.0,260.29,1.0,0.0,3.975,7
improved,695.333,12.0646,260.304,1.0,0.0,4.507,7
improved,700.0,12.1291,260.25,0.9814,0.0201,4.999,7
improved,704.667,12.1937,260.13,0.0,0.0551,5.449,7
improved,709.333,12.2583,259.946,0.0,0.0888,5.858,7
improved,714.0,12.3229,259.701,0.0,0.1213,6.225,7
improved,718.667,12.3876,259.398,0.0,0.1526,6.549,7
improved,723.333,12.4523,259.037,0.0,0.183,6.831,7
improved,728.0,12.5172,258.622,0.0,0.2123,7.072,6
improved,732.667,12.5822,258.153,0.0,0.2407,7.273,6
improved,737.333,12.6472,257.632,0.0,0.2683,7.434,6
improved,742.0,12.7124,257.061,0.0,0.2951,7.557,6
improved,746.667,12.7778,256.441,0.0,0.3212,7.645,6
improved,751.333,12.8433,255.774,0.0,0.3464,7.698,6
improved,756.0,12.909,255.061,0.0,0.371,7.72,6
improved,760.667,12.9749,254.303,0.0,0.3949,7.712,6
improved,765.333,13.0409,253.501,0.0,0.4182,7.678,6
improved,770.0,13.1072,252.658,0.0,0.4407,7.62,6
improved,774.667,13.1737,251.773,0.0,0.4626,7.542,6
improved,779.333,13.2404,250.848,0.0,0.4838,7.445,6
improved,784.0,13.3074,249.885,0.0,0.5042,7.334,6
improved,788.667,13.3746,248.885,0.0,0.5239,7.211,6
improved,793.333,13.4421,247.849,0.0,0.5429,7.08,6
improved,798.0,13.5099,246.778,0.0,0.561,6.943,6
improved,802.667,13.578,245.676,0.0,0.5782,6.804,6
improved,807.333,13.6464,244.542,0.0,0.5946,6.666,6
improved,812.0,13.7151,243.378,0.0,0.61,6.532,6
improved,816.667,13.7841,242.187,0.0,0.6244,6.404,6
improved,821.333,13.8535,240.971,0.0,0.6377,6.285,6
improved,826.0,13.9232,239.731,0.0,0.6499,6.177,6
improved,830.667,13.9933,238.469,0.0,0.6609,6.083,6
improved,835.333,14.0637,237.188,0.0,0.6706,6.004,6
improved,840.0,14.1345,235.891,0.0,0.6791,5.943,6
improved,844.667,14.2058,234.579,0.0,0.6862,5.901,6
improved,849.333,14.2774,233.255,0.0,0.6918,5.879,6
improved,854.0,14.3494,231.922,0.0,0.696,5.877,6
improved,858.667,14.4218,230.583,0.0,0.6986,5.898,6
improved,863.333,14.4947,229.24,0.0,0.6997,5.94,6
improved,868.0,14.568,227.897,0.0,0.6991,6.004,6
improved,872.667,14.6417,226.556,0.0,0.6969,6.09,6
improved,877.333,14.7158,225.221,0.0,0.693,6.197,6
improved,882.0,14.7904,223.895,0.0,0.6873,6.325,5
improved,886.667,14.8655,222.581,0.0,0.6799,6.471,5
improved,891.333,14.941,221.283,0.0,0.6706,6.635,5
improved,896.0,15.0169,220.003,0.0,0.6596,6.814,5
improved,900.667,15.0932,218.745,0.0,0.6467,7.008,5
improved,905.333,15.17,217.513,0.0,0.6321,7.213,5
improved,910.0,15.2473,216.309,0.0,0.6156,7.428,5
improved,914.667,15.3249,215.138,0.0,0.5974,7.649,5
improved,919.333,15.403,214.001,0.0,0.5774,7.874,5
improved,924.0,15.4815,212.904,0.0,0.5557,8.1,5
improved,928.667,15.5604,211.848,0.0,0.5322,8.324,5
improved,933.333,15.6397,210.837,0.0,0.5071,8.542,5
improved,938.0,15.7194,209.874,0.0,0.4804,8.752,5
improved,942.667,15.7995,208.961,0.0,0.4522,8.95,5
improved,947.333,15.8799,208.103,0.0,0.4224,9.132,5
improved,952.0,15.9606,207.3,0.0,0.3913,9.296,5
improved,956.667,16.0416,206.557,0.0,0.3588,9.439,5
improved,961.333,16.123,205.874,0.0,0.3251,9.557,5
improved,966.0,16.2046,205.255,0.0,0.2903,9.647,5
improved,970.667,16.2864,204.702,0.0,0.2544,9.706,5
improved,975.333,16.3685,204.215,0.0,0.2175,9.732,5
improved,980.0,16.4508,203.798,0.0,0.1798,9.723,5
improved,984.667,16.5332,203.451,0.0,0.1414,9.675,5
improved,989.333,16.6158,203.175,0.0,0.1024,9.587,5
improved,994.0,16.6985,202.972,0.0,0.0629,9.457,5
improved,998.667,16.7812,202.843,0.9788,0.023,9.283,5
improved,1003.333,16.8641,202.787,1.0,0.0,9.065,5
improved,1008.0,16.9469,202.806,1.0,0.0,8.801,5
improved,1012.667,17.0297,202.9,1.0,0.0,8.49,5
improved,1017.333,17.1125,203.067,1.0,0.0,8.134,5
improved,1022.0,17.1953,203.309,1.0,0.0,7.731,5
improved,1026.667,17.2779,203.624,1.0,0.0,7.282,5
improved,1031.333,17.3604,204.011,1.0,0.0,6.788,5
improved,1036.0,17.4428,204.471,1.0,0.0,6.25,5
improved,1040.667,17.5249,205.0,1.0,0.0,5.669,5
improved,1045.333,17.6069,205.599,1.0,0.0,5.048,5
improved,1050.0,17.6886,206.264,1.0,0.0,4.388,5
improved,1054.667,17.77,206.995,1.0,0.0,3.692,5
improved,1059.333,17.8512,207.789,1.0,0.0,2.963,5
improved,1064.0,17.932,208.645,1.0,0.0,2.203,5
improved,1068.667,18.0126,209.559,1.0,0.0,1.416,5
improved,1073.333,18.0927,210.529,1.0,0.0,0.606,5
improved,1078.0,18.1725,211.553,1.0,0.0,-0.224,5
improved,1082.667,18.2519,212.627,1.0,0.0,-1.07,5
improved,1087.333,18.331,213.75,1.0,0.0,-1.928,5
improved,1092.0,18.4096,214.916,1.0,0.0,-2.793,5
improved,1096.667,18.4877,216.125,1.0,0.0,-3.662,5
improved,1101.333,18.5655,217.372,1.0,0.0,-4.529,5
improved,1106.0,18.6427,218.654,1.0,0.0,-5.391,5
improved,1110.667,18.7196,219.968,1.0,0.0,-6.242,5
improved,1115.333,18.796,221.311,1.0,0.0,-7.08,5
improved,1120.0,18.8719,222.679,1.0,0.0,-7.898,5
improved,1124.667,18.9473,224.068,1.0,0.0,-8.693,5
improved,1129.333,19.0223,225.476,1.0,0.0,-9.461,6
improved,1134.0,19.0968,226.899,1.0,0.0,-10.198,6
improved,1138.667,19.1708,228.334,1.0,0.0,-10.899,6
improved,1143.333,19.2444,229.778,1.0,0.0,-11.562,6
improved,1148.0,19.3175,231.227,1.0,0.0,-12.182,6
improved,1152.667,19.3902,232.678,1.0,0.0,-12.758,6
improved,1157.333,19.4624,234.128,1.0,0.0,-13.284,6
improved,1162.0,19.5341,235.574,1.0,0.0,-13.76,6
improved,1166.667,19.6055,237.013,1.0,0.0,-14.183,6
improved,1171.333,19.6763,238.443,1.0,0.0,-14.551,6
improved,1176.0,19.7468,239.861,1.0,0.0,-14.862,6
improved,1180.667,19.8168,241.263,1.0,0.0,-15.115,6
improved,1185.333,19.8865,242.648,1.0,0.0,-15.31,6
improved,1190.0,19.9557,244.014,1.0,0.0,-15.445,6
improved,1194.667,20.0246,245.357,1.0,0.0,-15.521,6
improved,1199.333,20.093,246.676,1.0,0.0,-15.538,6
improved,1204.0,20.1611,247.968,1.0,0.0,-15.496,6
improved,1208.667,20.2289,249.233,1.0,0.0,-15.397,6
improved,1213.333,20.2963,250.467,1.0,0.0,-15.241,6
improved,1218.0,20.3634,251.67,1.0,0.0,-15.031,6
improved,1222.667,20.4301,252.839,1.0,0.0,-14.768,6
improved,1227.333,20.4966,253.974,1.0,0.0,-14.455,6
improved,1232.0,20.5627,255.072,1.0,0.0,-14.094,6
improved,1236.667,20.6286,256.133,1.0,0.0,-13.689,6
improved,1241.333,20.6942,257.155,1.0,0.0,-13.241,6
improved,1246.0,20.7595,258.137,1.0,0.0,-12.755,6
improved,1250.667,20.8246,259.078,1.0,0.0,-12.234,7
improved,1255.333,20.8894,259.977,1.0,0.0,-11.681,7
improved,1260.0,20.954,260.833,1.0,0.0,-11.101,7
improved,1264.667,21.0185,261.645,1.0,0.0,-10.498,7
improved,1269.333,21.0827,262.413,1.0,0.0,-9.875,7
improved,1274.0,21.1467,263.134,1.0,0.0,-9.236,7
improved,1278.667,21.2105,263.81,1.0,0.0,-8.585,7
improved,1283.333,21.2742,264.437,1.0,0.0,-7.928,7
improved,1288.0,21.3377,265.017,1.0,0.0,-7.266,7
improved,1292.667,21.4011,265.547,1.0,0.0,-6.605,7
improved,1297.333,21.4644,266.027,1.0,0.0,-5.948,7
improved,1302.0,21.5276,266.456,1.0,0.0,-5.299,7
improved,1306.667,21.5906,266.834,1.0,0.0,-4.661,7
improved,1311.333,21.6536,267.158,1.0,0.0,-4.038,7
improved,1316.0,21.7164,267.428,1.0,0.0,-3.432,7
improved,1320.667,21.7793,267.644,1.0,0.0,-2.847,7
improved,1325.333,21.842,267.803,1.0,0.0,-2.285,7
improved,1330.0,21.9048,267.904,1.0,0.0,-1.748,7
improved,1334.667,21.9675,267.947,1.0,0.0,-1.239,7
improved,1339.333,22.0302,267.929,1.0,0.0,-0.759,7
improved,1344.0,22.0929,267.85,0.9698,0.0327,-0.31,7
improved,1348.667,22.1556,267.708,0.0,0.0672,0.107,7
improved,1353.333,22.2184,267.502,0.0,0.1025,0.492,7
improved,1358.0,22.2812,267.23,0.0,0.1387,0.844,7
improved,1362.667,22.344,266.89,0.0,0.1757,1.163,7
improved,1367.333,22.407,266.48,0.0,0.2136,1.448,7
improved,1372.0,22.47,266.0,0.0,0.2524,1.702,7
improved,1376.667,22.5332,265.447,0.0,0.2921,1.923,7
improved,1381.333,22.5965,264.821,0.0,0.3326,2.114,7
improved,1386.0,22.6599,264.118,0.0,0.3739,2.275,7
improved,1390.667,22.7235,263.339,0.0,0.4161,2.409,7
improved,1395.333,22.7873,262.481,0.0,0.459,2.517,7
improved,1400.0,22.8513,261.542,0.0,0.5026,2.601,7
improved,1404.667,22.9156,260.523,0.0,0.5469,2.664,7
improved,1409.333,22.98,259.421,0.0,0.5917,2.708,7
improved,1414.0,23.0448,258.237,0.0,0.6369,2.736,6
improved,1418.667,23.1099,256.968,0.0,0.6825,2.75,6
improved,1423.333,23.1752,255.614,0.0,0.7283,2.753,6
improved,1428.0,23.241,254.176,0.0,0.7742,2.749,6
improved,1432.667,23.3071,252.653,0.0,0.82,2.739,6
improved,1437.333,23.3735,251.046,0.0,0.8656,2.728,6
improved,1442.0,23.4405,249.354,0.0,0.9107,2.718,6
improved,1446.667,23.5078,247.58,0.0,0.92,2.711,6
improved,1451.333,23.5757,245.724,0.0,0.92,2.711,6
improved,1456.0,23.6441,243.788,0.0,0.92,2.721,6
improved,1460.667,23.713,241.774,0.0,0.92,2.742,6
improved,1465.333,23.7825,239.685,0.0,0.92,2.778,6
improved,1470.0,23.8526,237.524,0.0,0.92,2.83,6
improved,1474.667,23.9233,235.294,0.0,0.92,2.901,6
improved,1479.333,23.9947,233.0,0.0,0.92,2.992,6
improved,1484.0,24.0668,230.644,0.0,0.92,3.105,6
improved,1488.667,24.1396,228.234,0.0,0.92,3.242,6
improved,1493.333,24.2132,225.773,0.0,0.92,3.402,6
improved,1498.0,24.2876,223.267,0.0,0.92,3.588,5
improved,1502.667,24.3629,220.724,0.0,0.92,3.799,5
improved,1507.333,24.439,218.149,0.0,0.92,4.035,5
improved,1512.0,24.516,215.55,0.0,0.92,4.297,5
improved,1516.667,24.594,212.934,0.0,0.92,4.583,5
improved,1521.333,24.6729,210.309,0.0,0.92,4.894,5
improved,1526.0,24.7527,207.683,0.0,0.92,5.227,5
improved,1530.667,24.8336,205.066,0.0,0.92,5.582,5
improved,1535.333,24.9156,202.465,0.0,0.92,5.956,5
improved,1540.0,24.9985,199.89,0.0,0.92,6.348,5
improved,1544.667,25.0826,197.35,0.0,0.92,6.756,5
improved,1549.333,25.1677,194.854,0.0,0.92,7.177,5
improved,1554.0,25.2539,192.413,0.0,0.92,7.608,5
improved,1558.667,25.3412,190.034,0.0,0.92,8.046,4
improved,1563.333,25.4296,187.727,0.0,0.92,8.489,4
improved,1568.0,25.5191,185.503,0.0,0.92,8.932,4
improved,1572.667,25.6097,183.369,0.0,0.92,9.374,4
improved,1577.333,25.7013,181.334,0.0,0.92,9.809,4
improved,1582.0,25.794,179.408,0.0,0.92,10.235,4
improved,1586.667,25.8876,177.598,0.0,0.9188,10.647,4
improved,1591.333,25.9822,175.912,0.0,0.8497,11.043,4
improved,1596.0,26.0777,174.358,0.0,0.7767,11.419,4
improved,1600.667,26.1741,172.942,0.0,0.7003,11.77,4
improved,1605.333,26.2712,171.67,0.0,0.6206,12.094,4
improved,1610.0,26.3691,170.549,0.0,0.538,12.387,4
improved,1614.667,26.4676,169.582,0.0,0.453,12.646,4
improved,1619.333,26.5666,168.775,0.0,0.3658,12.867,4
improved,1624.0,26.6662,168.13,0.0,0.2769,13.048,4
improved,1628.667,26.7661,167.651,0.0,0.1868,13.187,4
improved,1633.333,26.8663,167.34,0.0,0.0957,13.28,4
improved,1638.0,26.9667,167.197,0.9961,0.0042,13.325,4
improved,1642.667,27.0672,167.224,1.0,0.0,13.321,4
improved,1647.333,27.1676,167.42,1.0,0.0,13.265,4
improved,1652.0,27.268,167.783,1.0,0.0,13.157,4
improved,1656.667,27.3681,168.312,1.0,0.0,12.996,4
improved,1661.333,27.4679,169.004,1.0,0.0,12.781,4
improved,1666.0,27.5673,169.855,1.0,0.0,12.511,4
improved,1670.667,27.6663,170.862,1.0,0.0,12.188,4
improved,1675.333,27.7646,172.018,1.0,0.0,11.81,4
improved,1680.0,27.8622,173.319,1.0,0.0,11.38,4
improved,1684.667,27.9592,174.759,1.0,0.0,10.897,4
improved,1689.333,28.0553,176.33,1.0,0.0,10.365,4
improved,1694.0,28.1506,178.026,1.0,0.0,9.784,4
improved,1698.667,28.2449,179.838,1.0,0.0,9.157,4
improved,1703.333,28.3384,181.759,1.0,0.0,8.486,4
improved,1708.0,28.4308,183.779,1.0,0.0,7.774,4
improved,1712.667,28.5222,185.891,1.0,0.0,7.024,4
improved,1717.333,28.6126,188.085,1.0,0.0,6.241,4
improved,1722.0,28.7019,190.352,1.0,0.0,5.426,4
improved,1726.667,28.7902,192.682,1.0,0.0,4.584,5
improved,1731.333,28.8774,195.067,1.0,0.0,3.72,5
improved,1736.0,28.9635,197.497,1.0,0.0,2.837,5
improved,1740.667,29.0485,199.963,1.0,0.0,1.939,5
improved,1745.333,29.1326,202.455,1.0,0.0,1.031,5
improved,1750.0,29.2155,204.965,1.0,0.0,0.118,5
improved,1754.667,29.2975,207.485,1.0,0.0,-0.796,5
improved,1759.333,29.3785,210.004,1.0,0.0,-1.707,5
improved,1764.0,29.4585,212.516,1.0,0.0,-2.609,5
improved,1768.667,29.5375,215.013,1.0,0.0,-3.499,5
improved,1773.333,29.6157,217.487,1.0,0.0,-4.372,5
improved,1778.0,29.6929,219.931,1.0,0.0,-5.224,5
improved,1782.667,29.7693,222.339,1.0,0.0,-6.051,5
improved,1787.333,29.8449,224.705,1.0,0.0,-6.848,5
improved,1792.0,29.9196,227.023,1.0,0.0,-7.612,6
improved,1796.667,29.9936,229.287,1.0,0.0,-8.34,6
improved,1801.333,30.0669,231.494,1.0,0.0,-9.029,6
improved,1806.0,30.1395,233.638,1.0,0.0,-9.674,6
improved,1810.667,30.2114,235.717,1.0,0.0,-10.275,6
improved,1815.333,30.2826,237.727,1.0,0.0,-10.827,6
improved,1820.0,30.3533,239.665,1.0,0.0,-11.33,6
improved,1824.667,30.4234,241.529,1.0,0.0,-11.782,6
improved,1829.333,30.493,243.317,1.0,0.0,-12.181,6
improved,1834.0,30.562,245.028,1.0,0.0,-12.526,6
improved,1838.667,30.6306,246.661,1.0,0.0,-12.817,6
improved,1843.333,30.6987,248.215,1.0,0.0,-13.053,6
improved,1848.0,30.7664,249.69,1.0,0.0,-13.235,6
improved,1852.667,30.8336,251.086,1.0,0.0,-13.363,6
improved,1857.333,30.9006,252.404,1.0,0.0,-13.437,6
improved,1862.0,30.9671,253.643,1.0,0.0,-13.46,6
improved,1866.667,31.0334,254.806,1.0,0.0,-13.431,6
improved,1871.333,31.0993,255.892,1.0,0.0,-13.354,6
improved,1876.0,31.1649,256.905,1.0,0.0,-13.23,6
improved,1880.667,31.2303,257.844,1.0,0.0,-13.062,6
improved,1885.333,31.2955,258.712,1.0,0.0,-12.852,6
improved,1890.0,31.3604,259.51,1.0,0.0,-12.603,7
improved,1894.667,31.4252,260.241,1.0,0.0,-12.317,7
improved,1899.333,31.4897,260.906,1.0,0.0,-11.999,7
improved,1904.0,31.5541,261.508,1.0,0.0,-11.652,7
improved,1908.667,31.6184,262.049,1.0,0.0,-11.279,7
improved,1913.333,31.6825,262.53,1.0,0.0,-10.883,7
improved,1918.0,31.7465,262.954,1.0,0.0,-10.469,7
improved,1922.667,31.8103,263.323,1.0,0.0,-10.039,7
improved,1927.333,31.8741,263.638,1.0,0.0,-9.599,7
improved,1932.0,31.9379,263.903,1.0,0.0,-9.15,7
improved,1936.667,32.0015,264.118,1.0,0.0,-8.697,7
improved,1941.333,32.0651,264.286,1.0,0.0,-8.244,7
improved,1946.0,32.1287,264.408,1.0,0.0,-7.793,7
improved,1950.667,32.1922,264.486,1.0,0.0,-7.348,7
improved,1955.333,32.2558,264.521,1.0,0.0,-6.911,7
improved,1960.0,32.3193,264.516,1.0,0.0,-6.487,7
improved,1964.667,32.3828,264.471,0.9931,0.0075,-6.077,7
improved,1969.333,32.4463,264.389,0.9743,0.0279,-5.684,7
improved,1974.0,32.5099,264.269,0.956,0.0476,-5.309,7
improved,1978.667,32.5734,264.112,0.0,0.0669,-4.955,7
improved,1983.333,32.637,263.921,0.0,0.0856,-4.624,7
improved,1988.0,32.7007,263.696,0.0,0.1039,-4.316,7
improved,1992.667,32.7644,263.437,0.0,0.1218,-4.033,7
improved,1997.333,32.8282,263.146,0.0,0.1394,-3.776,7
improved,2002.0,32.892,262.822,0.0,0.1566,-3.543,7
improved,2006.667,32.9559,262.467,0.0,0.1737,-3.337,7
improved,2011.333,33.0199,262.081,0.0,0.1905,-3.156,7
improved,2016.0,33.084,261.663,0.0,0.2072,-3.0,7
improved,2020.667,33.1482,261.215,0.0,0.2238,-2.868,7
improved,2025.333,33.2126,260.736,0.0,0.2403,-2.759,7
improved,2030.0,33.277,260.227,0.0,0.2568,-2.672,7
improved,2034.667,33.3416,259.687,0.0,0.2732,-2.604,7
improved,2039.333,33.4062,259.117,0.0,0.2896,-2.555,7
improved,2044.0,33.4711,258.517,0.0,0.3061,-2.521,6
improved,2048.667,33.5361,257.886,0.0,0.3226,-2.501,6
improved,2053.333,33.6012,257.224,0.0,0.3391,-2.492,6
improved,2058.0,33.6665,256.532,0.0,0.3557,-2.492,6
improved,2062.667,33.732,255.81,0.0,0.3724,-2.497,6
improved,2067.333,33.7977,255.056,0.0,0.3891,-2.505,6
improved,2072.0,33.8636,254.272,0.0,0.4059,-2.513,6
improved,2076.667,33.9296,253.456,0.0,0.4227,-2.518,6
improved,2081.333,33.9959,252.61,0.0,0.4396,-2.517,6
improved,2086.0,34.0624,251.732,0.0,0.4566,-2.507,6
improved,2090.667,34.1292,250.822,0.0,0.4735,-2.486,6
improved,2095.333,34.1961,249.882,0.0,0.4905,-2.45,6
improved,2100.0,34.2634,248.91,0.0,0.5074,-2.397,6
improved,2104.667,34.3309,247.906,0.0,0.5243,-2.324,6
improved,2109.333,34.3986,246.872,0.0,0.5411,-2.229,6
improved,2114.0,34.4667,245.807,0.0,0.5578,-2.11,6
improved,2118.667,34.535,244.71,0.0,0.5744,-1.965,6
improved,2123.333,34.6037,243.584,0.0,0.5908,-1.791,6
improved,2128.0,34.6727,242.427,0.0,0.607,-1.588,6
improved,2132.667,34.7419,241.24,0.0,0.623,-1.354,6
improved,2137.333,34.8116,240.025,0.0,0.6386,-1.088,6
improved,2142.0,34.8816,238.78,0.0,0.6539,-0.79,6
improved,2146.667,34.9519,237.508,0.0,0.6689,-0.459,6
improved,2151.333,35.0227,236.208,0.0,0.6834,-0.096,6
improved,2156.0,35.0938,234.882,0.0,0.6974,0.3,6
improved,2160.667,35.1653,233.531,0.0,0.7109,0.728,6
improved,2165.333,35.2373,232.155,0.0,0.7238,1.187,6
improved,2170.0,35.3096,230.756,0.0,0.7361,1.675,6
improved,2174.667,35.3824,229.335,0.0,0.7478,2.192,6
improved,2179.333,35.4557,227.892,0.0,0.7587,2.734,6
improved,2184.0,35.5294,226.431,0.0,0.7688,3.301,6
improved,2188.667,35.6036,224.951,0.0,0.7781,3.89,5
improved,2193.333,35.6783,223.455,0.0,0.7865,4.497,5
improved,2198.0,35.7535,221.944,0.0,0.794,5.12,5
improved,2202.667,35.8292,220.421,0.0,0.8006,5.756,5
improved,2207.333,35.9054,218.886,0.0,0.8061,6.401,5
improved,2212.0,35.9821,217.342,0.0,0.8106,7.053,5
improved,2216.667,36.0594,215.79,0.0,0.8139,7.706,5
improved,2221.333,36.1373,214.234,0.0,0.8161,8.357,5
improved,2226.0,36.2157,212.674,0.0,0.8171,9.003,5
improved,2230.667,36.2947,211.114,0.0,0.8169,9.639,5
improved,2235.333,36.3743,209.555,0.0,0.8155,10.262,5
improved,2240.0,36.4544,208.0,0.0,0.8128,10.867,5
improved,2244.667,36.5352,206.451,0.0,0.8087,11.45,5
improved,2249.333,36.6166,204.911,0.0,0.8034,12.007,5
improved,2254.0,36.6986,203.382,0.0,0.7967,12.536,5
improved,2258.667,36.7812,201.867,0.0,0.7886,13.03,5
improved,2263.333,36.8644,200.368,0.0,0.7792,13.489,5
improved,2268.0,36.9482,198.887,0.0,0.7683,13.906,5
improved,2272.667,37.0327,197.428,0.0,0.7561,14.281,5
improved,2277.333,37.1178,195.993,0.0,0.7425,14.609,5
improved,2282.0,37.2035,194.584,0.0,0.7275,14.889,5
improved,2286.667,37.2899,193.205,0.0,0.7111,15.116,5
improved,2291.333,37.3768,191.856,0.0,0.6934,15.29,5
improved,2296.0,37.4644,190.542,0.0,0.6743,15.409,4
improved,2300.667,37.5526,189.264,0.0,0.6539,15.471,4
improved,2305.333,37.6413,188.025,0.0,0.6323,15.475,4
improved,2310.0,37.7307,186.828,0.0,0.6093,15.421,4
improved,2314.667,37.8206,185.673,0.0,0.5852,15.307,4
improved,2319.333,37.9111,184.565,0.0,0.5598,15.133,4
improved,2324.0,38.0021,183.505,0.0,0.5333,14.901,4
improved,2328.667,38.0936,182.494,0.0,0.5058,14.611,4
improved,2333.333,38.1857,181.535,0.0,0.4772,14.264,4
improved,2338.0,38.2783,180.631,0.0,0.4476,13.861,4
improved,2342.667,38.3713,179.781,0.0,0.4171,13.404,4
improved,2347.333,38.4647,178.989,0.0,0.3857,12.895,4
improved,2352.0,38.5586,178.256,0.0,0.3535,12.337,4
improved,2356.667,38.6528,177.583,0.0,0.3207,11.732,4
improved,2361.333,38.7474,176.971,0.0,0.2871,11.083,4
improved,2366.0,38.8423,176.422,0.0,0.253,10.394,4
improved,2370.667,38.9376,175.936,0.0,0.2185,9.669,4
improved,2375.333,39.0331,175.514,0.0,0.1834,8.91,4
improved,2380.0,39.1288,175.158,0.0,0.1481,8.123,4
improved,2384.667,39.2247,174.867,0.0,0.1125,7.31,4
improved,2389.333,39.3208,174.642,0.0,0.0767,6.476,4
improved,2394.0,39.417,174.483,0.9622,0.0409,5.626,4
improved,2398.667,39.5132,174.391,0.9953,0.005,4.765,4
improved,2403.333,39.6096,174.365,1.0,0.0,3.895,4
improved,2408.0,39.7059,174.405,1.0,0.0,3.023,4
improved,2412.667,39.8023,174.51,1.0,0.0,2.152,4
improved,2417.333,39.8985,174.68,1.0,0.0,1.286,4
improved,2422.0,39.9947,174.915,1.0,0.0,0.431,4
improved,2426.667,40.0908,175.214,1.0,0.0,-0.41,4
improved,2431.333,40.1866,175.575,1.0,0.0,-1.233,4
improved,2436.0,40.2823,175.997,1.0,0.0,-2.034,4
improved,2440.667,40.3778,176.48,1.0,0.0,-2.81,4
improved,2445.333,40.473,177.022,1.0,0.0,-3.556,4
improved,2450.0,40.5679,177.621,1.0,0.0,-4.27,4
improved,2454.667,40.6625,178.275,1.0,0.0,-4.949,4
improved,2459.333,40.7567,178.984,1.0,0.0,-5.59,4
improved,2464.0,40.8506,179.744,1.0,0.0,-6.191,4
improved,2468.667,40.944,180.555,1.0,0.0,-6.75,4
improved,2473.333,41.0371,181.414,1.0,0.0,-7.265,4
improved,2478.0,41.1297,182.319,1.0,0.0,-7.736,4
improved,2482.667,41.2218,183.268,1.0,0.0,-8.16,4
improved,2487.333,41.3135,184.258,1.0,0.0,-8.538,4
improved,2492.0,41.4047,185.287,1.0,0.0,-8.869,4
improved,2496.667,41.4953,186.353,1.0,0.0,-9.153,4
improved,2501.333,41.5855,187.453,1.0,0.0,-9.391,4
improved,2506.0,41.6751,188.585,1.0,0.0,-9.583,4
improved,2510.667,41.7642,189.746,1.0,0.0,-9.731,4
improved,2515.333,41.8527,190.934,1.0,0.0,-9.835,4
improved,2520.0,41.9407,192.146,1.0,0.0,-9.898,5
improved,2524.667,42.0282,193.38,1.0,0.0,-9.921,5
improved,2529.333,42.115,194.632,1.0,0.0,-9.907,5
improved,2534.0,42.2014,195.901,1.0,0.0,-9.858,5
improved,2538.667,42.2871,197.184,1.0,0.0,-9.777,5
improved,2543.333,42.3723,198.479,1.0,0.0,-9.666,5
improved,2548.0,42.457,199.782,1.0,0.0,-9.528,5
improved,2552.667,42.541,201.092,1.0,0.0,-9.367,5
improved,2557.333,42.6246,202.406,1.0,0.0,-9.186,5
improved,2562.0,42.7076,203.722,1.0,0.0,-8.987,5
improved,2566.667,42.7901,205.037,1.0,0.0,-8.774,5
improved,2571.333,42.872,206.349,1.0,0.0,-8.552,5
improved,2576.0,42.9534,207.656,1.0,0.0,-8.321,5
improved,2580.667,43.0343,208.956,1.0,0.0,-8.087,5
improved,2585.333,43.1147,210.247,1.0,0.0,-7.852,5
improved,2590.0,43.1946,211.526,1.0,0.0,-7.619,5
improved,2594.667,43.274,212.793,1.0,0.0,-7.391,5
improved,2599.333,43.353,214.044,1.0,0.0,-7.171,5
improved,2604.0,43.4315,215.279,1.0,0.0,-6.961,5
improved,2608.667,43.5095,216.495,1.0,0.0,-6.764,5
improved,2613.333,43.5871,217.691,1.0,0.0,-6.582,5
improved,2618.0,43.6643,218.865,1.0,0.0,-6.416,5
improved,2622.667,43.7411,220.016,1.0,0.0,-6.269,5
improved,2627.333,43.8174,221.142,1.0,0.0,-6.141,5
improved,2632.0,43.8934,222.242,1.0,0.0,-6.034,5
improved,2636.667,43.969,223.315,1.0,0.0,-5.948,5
improved,2641.333,44.0442,224.359,1.0,0.0,-5.885,5
improved,2646.0,44.1191,225.373,1.0,0.0,-5.843,6
improved,2650.667,44.1936,226.356,1.0,0.0,-5.823,6
improved,2655.333,44.2678,227.306,1.0,0.0,-5.825,6
improved,2660.0,44.3418,228.223,1.0,0.0,-5.847,6
improved,2664.667,44.4154,229.105,1.0,0.0,-5.889,6
improved,2669.333,44.4887,229.952,1.0,0.0,-5.949,6
improved,2674.0,44.5618,230.761,1.0,0.0,-6.026,6
improved,2678.667,44.6346,231.532,1.0,0.0,-6.118,6
improved,2683.333,44.7071,232.264,1.0,0.0,-6.223,6
improved,2688.0,44.7794,232.955,1.0,0.0,-6.338,6
improved,2692.667,44.8516,233.604,1.0,0.0,-6.461,6
improved,2697.333,44.9235,234.209,1.0,0.0,-6.589,6
improved,2702.0,44.9952,234.77,1.0,0.0,-6.72,6
improved,2706.667,45.0668,235.285,1.0,0.0,-6.851,6
improved,2711.333,45.1382,235.751,1.0,0.0,-6.978,6
improved,2716.0,45.2094,236.169,1.0,0.0,-7.098,6
improved,2720.667,45.2806,236.535,1.0,0.0,-7.209,6
improved,2725.333,45.3516,236.847,1.0,0.0,-7.307,6
improved,2730.0,45.4225,237.105,1.0,0.0,-7.39,6
improved,2734.667,45.4934,237.305,1.0,0.0,-7.453,6
improved,2739.333,45.5642,237.446,1.0,0.0,-7.494,6
improved,2744.0,45.6349,237.525,1.0,0.0,-7.511,6
improved,2748.667,45.7057,237.539,1.0,0.0,-7.5,6
improved,2753.333,45.7764,237.486,0.9812,0.0203,-7.459,6
improved,2758.0,45.8471,237.364,0.0,0.0588,-7.385,6
improved,2762.667,45.9179,237.169,0.0,0.0989,-7.277,6
improved,2767.333,45.9887,236.898,0.0,0.1405,-7.133,6
improved,2772.0,46.0597,236.55,0.0,0.1837,-6.95,6
improved,2776.667,46.1307,236.119,0.0,0.2286,-6.728,6
improved,2781.333,46.2018,235.605,0.0,0.2752,-6.465,6
improved,2786.0,46.2731,235.002,0.0,0.3234,-6.161,6
improved,2790.667,46.3446,234.309,0.0,0.3732,-5.816,6
improved,2795.333,46.4163,233.523,0.0,0.4247,-5.428,6
improved,2800.0,46.4883,232.64,0.0,0.4777,-4.999,6
improved,2804.667,46.5605,231.658,0.0,0.5322,-4.528,6
improved,2809.333,46.633,230.573,0.0,0.588,-4.017,6
improved,2814.0,46.7059,229.385,0.0,0.6451,-3.468,6
improved,2818.667,46.7791,228.089,0.0,0.7033,-2.88,6
improved,2823.333,46.8528,226.685,0.0,0.7624,-2.257,6
improved,2828.0,46.9269,225.171,0.0,0.8223,-1.601,6
improved,2832.667,47.0015,223.546,0.0,0.8827,-0.914,5
improved,2837.333,47.0766,221.809,0.0,0.92,-0.199,5
improved,2842.0,47.1524,219.96,0.0,0.92,0.542,5
improved,2846.667,47.2287,217.999,0.0,0.92,1.304,5
improved,2851.333,47.3058,215.926,0.0,0.92,2.084,5
improved,2856.0,47.3836,213.745,0.0,0.92,2.879,5
improved,2860.667,47.4622,211.455,0.0,0.92,3.684,5
improved,2865.333,47.5417,209.062,0.0,0.92,4.496,5
improved,2870.0,47.622,206.567,0.0,0.92,5.311,5
improved,2874.667,47.7034,203.976,0.0,0.92,6.124,5
improved,2879.333,47.7857,201.294,0.0,0.92,6.93,5
improved,2884.0,47.8692,198.526,0.0,0.92,7.726,5
improved,2888.667,47.9538,195.68,0.0,0.92,8.507,5
improved,2893.333,48.0397,192.762,0.0,0.92,9.269,5
improved,2898.0,48.1268,189.782,0.0,0.92,10.008,4
improved,2902.667,48.2153,186.749,0.0,0.92,10.719,4
improved,2907.333,48.3053,183.672,0.0,0.92,11.399,4
improved,2912.0,48.3968,180.562,0.0,0.92,12.043,4
improved,2916.667,48.4898,177.431,0.0,0.92,12.649,4
improved,2921.333,48.5845,174.29,0.0,0.92,13.212,4
improved,2926.0,48.6809,171.152,0.0,0.92,13.729,4
improved,2930.667,48.779,168.031,0.0,0.92,14.198,4
improved,2935.333,48.879,164.939,0.0,0.92,14.616,4
improved,2940.0,48.9809,161.89,0.0,0.92,14.98,4
improved,2944.667,49.0846,158.898,0.0,0.92,15.289,4
improved,2949.333,49.1904,155.978,0.0,0.92,15.54,3
improved,2954.0,49.2981,153.143,0.0,0.92,15.733,3
improved,2958.667,49.4078,150.407,0.0,0.92,15.866,3
improved,2963.333,49.5195,147.785,0.0,0.92,15.939,3
improved,2968.0,49.6332,145.29,0.0,0.92,15.952,3
improved,2972.667,49.7488,142.935,0.0,0.92,15.905,3
improved,2977.333,49.8663,140.732,0.0,0.92,15.798,3
improved,2982.0,49.9857,138.693,0.0,0.92,15.632,3
improved,2986.667,50.1068,136.83,0.0,0.92,15.409,3
improved,2991.333,50.2296,135.152,0.0,0.828,15.129,3
improved,2996.0,50.3539,133.67,0.0,0.7202,14.796,3
improved,3000.667,50.4796,132.391,0.0,0.6083,14.411,3
improved,3005.333,50.6065,131.322,0.0,0.4928,13.976,3
improved,3010.0,50.7344,130.47,0.0,0.3745,13.495,3
improved,3014.667,50.8632,129.838,0.0,0.2539,12.971,3
improved,3019.333,50.9926,129.431,0.0,0.1319,12.407,3
improved,3024.0,51.1224,129.251,0.7209,0.0092,11.806,3
improved,3028.667,51.2524,129.297,0.745,0.0,11.173,3
improved,3033.333,51.3823,129.571,0.745,0.0,10.51,3
improved,3038.0,51.512,130.069,0.745,0.0,9.823,3
improved,3042.667,51.6411,130.788,0.745,0.0,9.116,3
improved,3047.333,51.7696,131.724,0.745,0.0,8.391,3
improved,3052.0,51.8971,132.871,0.745,0.0,7.655,3
improved,3056.667,52.0235,134.222,0.745,0.0,6.91,3
improved,3061.333,52.1487,135.769,0.745,0.0,6.162,3
improved,3066.0,52.2725,137.502,0.745,0.0,5.413,3
improved,3070.667,52.3946,139.412,0.745,0.0,4.669,3
improved,3075.333,52.5151,141.488,0.745,0.0,3.933,3
improved,3080.0,52.6339,143.717,0.745,0.0,3.209,3
improved,3084.667,52.7508,146.088,0.745,0.0,2.5,3
improved,3089.333,52.8658,148.587,0.745,0.0,1.81,3
improved,3094.0,52.9788,151.201,0.745,0.0,1.142,3
improved,3098.667,53.0899,153.917,0.745,0.0,0.499,3
improved,3103.333,53.1991,156.721,0.745,0.0,-0.116,3
improved,3108.0,53.3063,159.598,0.745,0.0,-0.702,4
improved,3112.667,53.4116,162.534,0.745,0.0,-1.255,4
improved,3117.333,53.5149,165.517,1.0,0.0,-1.775,4
improved,3122.0,53.6164,168.532,1.0,0.0,-2.259,4
improved,3126.667,53.7161,171.566,1.0,0.0,-2.708,4
improved,3131.333,53.814,174.606,1.0,0.0,-3.119,4
improved,3136.0,53.9102,177.641,1.0,0.0,-3.492,4
improved,3140.667,54.0048,180.657,1.0,0.0,-3.828,4
improved,3145.333,54.0978,183.645,1.0,0.0,-4.126,4
improved,3150.0,54.1893,186.594,1.0,0.0,-4.388,4
improved,3154.667,54.2793,189.493,1.0,0.0,-4.613,4
improved,3159.333,54.368,192.334,1.0,0.0,-4.804,5
improved,3164.0,54.4553,195.11,1.0,0.0,-4.96,5
improved,3168.667,54.5414,197.812,1.0,0.0,-5.085,5
improved,3173.333,54.6264,200.434,1.0,0.0,-5.18,5
improved,3178.0,54.7102,202.971,1.0,0.0,-5.247,5
improved,3182.667,54.793,205.417,1.0,0.0,-5.289,5
improved,3187.333,54.8747,207.768,1.0,0.0,-5.307,5
improved,3192.0,54.9556,210.021,1.0,0.0,-5.306,5
improved,3196.667,55.0356,212.174,1.0,0.0,-5.287,5
improved,3201.333,55.1148,214.224,1.0,0.0,-5.253,5
improved,3206.0,55.1932,216.171,1.0,0.0,-5.208,5
improved,3210.667,55.2709,218.013,1.0,0.0,-5.154,5
improved,3215.333,55.348,219.752,1.0,0.0,-5.095,5
improved,3220.0,55.4244,221.386,1.0,0.0,-5.033,5
improved,3224.667,55.5003,222.917,1.0,0.0,-4.972,5
improved,3229.333,55.5757,224.347,1.0,0.0,-4.914,5
improved,3234.0,55.6506,225.678,1.0,0.0,-4.862,6
improved,3238.667,55.725,226.911,1.0,0.0,-4.819,6
improved,3243.333,55.799,228.048,1.0,0.0,-4.787,6
improved,3248.0,55.8727,229.094,1.0,0.0,-4.769,6
improved,3252.667,55.946,230.049,1.0,0.0,-4.766,6
improved,3257.333,56.0191,230.918,1.0,0.0,-4.781,6
improved,3262.0,56.0918,231.703,1.0,0.0,-4.815,6
improved,3266.667,56.1643,232.408,1.0,0.0,-4.869,6
improved,3271.333,56.2366,233.035,1.0,0.0,-4.946,6
improved,3276.0,56.3087,233.587,1.0,0.0,-5.044,6
improved,3280.667,56.3806,234.068,1.0,0.0,-5.166,6
improved,3285.333,56.4524,234.481,1.0,0.0,-5.31,6
improved,3290.0,56.524,234.829,1.0,0.0,-5.478,6
improved,3294.667,56.5956,235.113,1.0,0.0,-5.668,6
improved,3299.333,56.667,235.338,1.0,0.0,-5.881,6
improved,3304.0,56.7384,235.505,1.0,0.0,-6.114,6
improved,3308.667,56.8098,235.618,1.0,0.0,-6.367,6
improved,3313.333,56.8811,235.677,1.0,0.0,-6.638,6
improved,3318.0,56.9524,235.685,1.0,0.0,-6.925,6
improved,3322.667,57.0236,235.644,0.9927,0.0079,-7.227,6
improved,3327.333,57.0949,235.556,0.9694,0.0331,-7.54,6
improved,3332.0,57.1662,235.422,0.0,0.0576,-7.862,6
improved,3336.667,57.2376,235.243,0.0,0.0813,-8.191,6
improved,3341.333,57.309,235.021,0.0,0.1045,-8.523,6
improved,3346.0,57.3805,234.757,0.0,0.1272,-8.855,6
improved,3350.667,57.4521,234.451,0.0,0.1495,-9.185,6
improved,3355.333,57.5237,234.104,0.0,0.1713,-9.508,6
improved,3360.0,57.5955,233.718,0.0,0.1929,-9.822,6
improved,3364.667,57.6674,233.291,0.0,0.2143,-10.122,6
improved,3369.333,57.7394,232.826,0.0,0.2355,-10.406,6
improved,3374.0,57.8115,232.321,0.0,0.2566,-10.67,6
improved,3378.667,57.8839,231.777,0.0,0.2776,-10.911,6
improved,3383.333,57.9563,231.195,0.0,0.2986,-11.125,6
improved,3388.0,58.029,230.574,0.0,0.3195,-11.309,6
improved,3392.667,58.1019,229.914,0.0,0.3405,-11.46,6
improved,3397.333,58.1749,229.216,0.0,0.3615,-11.576,6
improved,3402.0,58.2482,228.478,0.0,0.3826,-11.653,6
improved,3406.667,58.3218,227.702,0.0,0.4037,-11.688,6
improved,3411.333,58.3955,226.886,0.0,0.4248,-11.681,6
improved,3416.0,58.4696,226.032,0.0,0.4459,-11.628,6
improved,3420.667,58.5439,225.138,0.0,0.4671,-11.529,6
improved,3425.333,58.6185,224.206,0.0,0.4883,-11.381,5
improved,3430.0,58.6935,223.234,0.0,0.5094,-11.183,5
improved,3434.667,58.7687,222.223,0.0,0.5304,-10.936,5
improved,3439.333,58.8443,221.174,0.0,0.5514,-10.637,5
improved,3444.0,58.9203,220.085,0.0,0.5722,-10.289,5
improved,3448.667,58.9966,218.959,0.0,0.5927,-9.889,5
improved,3453.333,59.0733,217.795,0.0,0.613,-9.44,5
improved,3458.0,59.1505,216.593,0.0,0.633,-8.943,5
improved,3462.667,59.228,215.355,0.0,0.6526,-8.398,5
improved,3467.333,59.3061,214.082,0.0,0.6718,-7.807,5
improved,3472.0,59.3845,212.773,0.0,0.6905,-7.173,5
improved,3476.667,59.4635,211.43,0.0,0.7085,-6.497,5
improved,3481.333,59.5429,210.054,0.0,0.7259,-5.783,5
improved,3486.0,59.6229,208.647,0.0,0.7426,-5.033,5
improved,3490.667,59.7034,207.21,0.0,0.7584,-4.25,5
improved,3495.333,59.7845,205.744,0.0,0.7734,-3.438,5
improved,3500.0,59.8662,204.252,0.0,0.7873,-2.601,5
improved,3504.667,59.9484,202.735,0.0,0.8002,-1.743,5
improved,3509.333,60.0313,201.195,0.0,0.812,-0.867,5
improved,3514.0,60.1148,199.634,0.0,0.8226,0.021,5
improved,3518.667,60.1989,198.054,0.0,0.8319,0.919,5
improved,3523.333,60.2838,196.459,0.0,0.8398,1.821,5
improved,3528.0,60.3693,194.851,0.0,0.8463,2.722,5
improved,3532.667,60.4555,193.231,0.0,0.8513,3.619,5
improved,3537.333,60.5425,191.604,0.0,0.8548,4.507,5
improved,3542.0,60.6301,189.973,0.0,0.8566,5.381,4
improved,3546.667,60.7186,188.339,0.0,0.8566,6.237,4
improved,3551.333,60.8078,186.707,0.0,0.855,7.071,4
improved,3556.0,60.8977,185.079,0.0,0.8515,7.878,4
improved,3560.667,60.9885,183.46,0.0,0.8463,8.655,4
improved,3565.333,61.0801,181.852,0.0,0.8391,9.397,4
improved,3570.0,61.1725,180.259,0.0,0.83,10.101,4
improved,3574.667,61.2657,178.684,0.0,0.819,10.764,4
improved,3579.333,61.3597,177.132,0.0,0.806,11.383,4
improved,3584.0,61.4545,175.605,0.0,0.7911,11.955,4
improved,3588.667,61.5502,174.108,0.0,0.7742,12.477,4
improved,3593.333,61.6467,172.644,0.0,0.7553,12.947,4
improved,3598.0,61.744,171.217,0.0,0.7345,13.364,4
improved,3602.667,61.8421,169.83,0.0,0.7117,13.725,4
improved,3607.333,61.9411,168.487,0.0,0.6871,14.03,4
improved,3612.0,62.0408,167.191,0.0,0.6605,14.279,4
improved,3616.667,62.1412,165.945,0.0,0.6321,14.469,4
improved,3621.333,62.2425,164.754,0.0,0.602,14.603,4
improved,3626.0,62.3445,163.621,0.0,0.5701,14.679,4
improved,3630.667,62.4471,162.547,0.0,0.5366,14.699,4
improved,3635.333,62.5505,161.538,0.0,0.5015,14.664,4
improved,3640.0,62.6545,160.594,0.0,0.4648,14.575,4
improved,3644.667,62.7591,159.72,0.0,0.4268,14.434,4
improved,3649.333,62.8643,158.917,0.0,0.3874,14.242,4
improved,3654.0,62.97,158.188,0.0,0.3468,14.002,4
improved,3658.667,63.0762,157.535,0.0,0.3051,13.718,4
improved,3663.333,63.1828,156.96,0.0,0.2624,13.391,3
improved,3668.0,63.2899,156.465,0.0,0.2188,13.024,3
improved,3672.667,63.3973,156.052,0.0,0.1745,12.621,3
improved,3677.333,63.5049,155.721,0.0,0.1294,12.186,3
improved,3682.0,63.6128,155.473,0.0,0.0839,11.722,3
improved,3686.667,63.7209,155.311,0.7018,0.0379,11.232,3
improved,3691.333,63.829,155.233,0.7325,0.0,10.721,3
improved,3696.0,63.9372,155.241,0.745,0.0,10.192,3
improved,3700.667,64.0455,155.335,0.745,0.0,9.649,3
improved,3705.333,64.1536,155.514,0.745,0.0,9.096,3
improved,3710.0,64.2616,155.779,0.745,0.0,8.536,3
improved,3714.667,64.3695,156.128,0.745,0.0,7.974,3
improved,3719.333,64.4771,156.56,0.745,0.0,7.414,3
improved,3724.0,64.5844,157.076,0.745,0.0,6.858,4
improved,3728.667,64.6914,157.672,0.745,0.0,6.31,4
improved,3733.333,64.7979,158.349,0.745,0.0,5.773,4
improved,3738.0,64.904,159.103,0.745,0.0,5.25,4
improved,3742.667,65.0096,159.934,0.745,0.0,4.745,4
improved,3747.333,65.1146,160.838,0.745,0.0,4.258,4
improved,3752.0,65.2191,161.814,0.745,0.0,3.794,4
improved,3756.667,65.3229,162.859,0.745,0.0,3.353,4
improved,3761.333,65.4261,163.97,0.745,0.0,2.937,4
improved,3766.0,65.5285,165.144,1.0,0.0,2.549,4
improved,3770.667,65.6303,166.379,1.0,0.0,2.188,4
improved,3775.333,65.7312,167.671,1.0,0.0,1.855,4
improved,3780.0,65.8314,169.017,1.0,0.0,1.552,4
improved,3784.667,65.9308,170.414,1.0,0.0,1.277,4
improved,3789.333,66.0294,171.858,1.0,0.0,1.032,4
improved,3794.0,66.1272,173.346,1.0,0.0,0.815,4
improved,3798.667,66.2241,174.874,1.0,0.0,0.625,4
improved,3803.333,66.3201,176.439,1.0,0.0,0.463,4
improved,3808.0,66.4154,178.036,1.0,0.0,0.325,4
improved,3812.667,66.5097,179.663,1.0,0.0,0.211,4
improved,3817.333,66.6032,181.315,1.0,0.0,0.118,4
improved,3822.0,66.6959,182.99,1.0,0.0,0.045,4
improved,3826.667,66.7877,184.683,1.0,0.0,-0.01,4
improved,3831.333,66.8787,186.391,1.0,0.0,-0.051,4
improved,3836.0,66.9688,188.11,1.0,0.0,-0.079,4
improved,3840.667,67.0581,189.837,1.0,0.0,-0.098,4
improved,3845.333,67.1466,191.568,1.0,0.0,-0.11,5
improved,3850.0,67.2343,193.301,1.0,0.0,-0.118,5
improved,3854.667,67.3212,195.032,1.0,0.0,-0.125,5
improved,3859.333,67.4074,196.758,1.0,0.0,-0.134,5
improved,3864.0,67.4927,198.476,1.0,0.0,-0.148,5
improved,3868.667,67.5774,200.184,1.0,0.0,-0.17,5
improved,3873.333,67.6613,201.877,1.0,0.0,-0.202,5
improved,3878.0,67.7445,203.555,1.0,0.0,-0.247,5
improved,3882.667,67.8271,205.214,1.0,0.0,-0.308,5
improved,3887.333,67.9089,206.853,1.0,0.0,-0.387,5
improved,3892.0,67.9901,208.468,1.0,0.0,-0.486,5
improved,3896.667,68.0707,210.059,1.0,0.0,-0.608,5
improved,3901.333,68.1507,211.623,1.0,0.0,-0.753,5
improved,3906.0,68.2301,213.158,1.0,0.0,-0.924,5
improved,3910.667,68.3089,214.663,1.0,0.0,-1.122,5
improved,3915.333,68.3872,216.137,1.0,0.0,-1.347,5
improved,3920.0,68.4649,217.579,1.0,0.0,-1.601,5
improved,3924.667,68.5421,218.986,1.0,0.0,-1.883,5
improved,3929.333,68.6188,220.359,1.0,0.0,-2.194,5
improved,3934.0,68.6951,221.696,1.0,0.0,-2.534,5
improved,3938.667,68.7709,222.997,1.0,0.0,-2.901,5
improved,3943.333,68.8462,224.262,1.0,0.0,-3.296,5
improved,3948.0,68.9211,225.489,1.0,0.0,-3.716,6
improved,3952.667,68.9956,226.679,1.0,0.0,-4.161,6
improved,3957.333,69.0697,227.832,1.0,0.0,-4.628,6
improved,3962.0,69.1435,228.947,1.0,0.0,-5.116,6
improved,3966.667,69.2168,230.024,1.0,0.0,-5.621,6
improved,3971.333,69.2899,231.065,1.0,0.0,-6.142,6
improved,3976.0,69.3626,232.068,1.0,0.0,-6.676,6
improved,3980.667,69.435,233.035,1.0,0.0,-7.219,6
improved,3985.333,69.5071,233.965,1.0,0.0,-7.768,6
improved,3990.0,69.5789,234.86,1.0,0.0,-8.321,6
improved,3994.667,69.6504,235.72,1.0,0.0,-8.872,6
improved,3999.333,69.7217,236.545,1.0,0.0,-9.419,6
improved,4004.0,69.7927,237.337,1.0,0.0,-9.958,6
improved,4008.667,69.8635,238.095,1.0,0.0,-10.485,6
improved,4013.333,69.934,238.822,1.0,0.0,-10.996,6
improved,4018.0,70.0044,239.517,1.0,0.0,-11.488,6
improved,4022.667,70.0745,240.183,1.0,0.0,-11.956,6
improved,4027.333,70.1445,240.818,1.0,0.0,-12.397,6
improved,4032.0,70.2142,241.426,1.0,0.0,-12.807,6
improved,4036.667,70.2838,242.006,1.0,0.0,-13.182,6
improved,4041.333,70.3532,242.559,1.0,0.0,-13.52,6
improved,4046.0,70.4225,243.087,1.0,0.0,-13.818,6
improved,4050.667,70.4916,243.59,1.0,0.0,-14.071,6
improved,4055.333,70.5606,244.07,1.0,0.0,-14.278,6
improved,4060.0,70.6294,244.528,1.0,0.0,-14.436,6
improved,4064.667,70.6981,244.964,1.0,0.0,-14.543,6
improved,4069.333,70.7667,245.379,1.0,0.0,-14.597,6
improved,4074.0,70.8352,245.775,1.0,0.0,-14.597,6
improved,4078.667,70.9035,246.152,1.0,0.0,-14.541,6
improved,4083.333,70.9718,246.511,1.0,0.0,-14.428,6
improved,4088.0,71.0399,246.854,1.0,0.0,-14.259,6
improved,4092.667,71.108,247.181,1.0,0.0,-14.032,6
improved,4097.333,71.1759,247.493,1.0,0.0,-13.748,6
improved,4102.0,71.2438,247.79,1.0,0.0,-13.408,6
improved,4106.667,71.3116,248.075,1.0,0.0,-13.012,6
improved,4111.333,71.3793,248.346,1.0,0.0,-12.562,6
improved,4116.0,71.447,248.606,1.0,0.0,-12.06,6
improved,4120.667,71.5146,248.855,1.0,0.0,-11.507,6
improved,4125.333,71.5821,249.093,1.0,0.0,-10.906,6
improved,4130.0,71.6495,249.322,1.0,0.0,-10.259,6
improved,4134.667,71.7169,249.542,1.0,0.0,-9.57,6
improved,4139.333,71.7842,249.753,1.0,0.0,-8.842,6
improved,4144.0,71.8515,249.956,1.0,0.0,-8.077,6
improved,4148.667,71.9187,250.152,1.0,0.0,-7.281,6
improved,4153.333,71.9859,250.34,1.0,0.0,-6.456,6
improved,4158.0,72.053,250.523,1.0,0.0,-5.607,6
improved,4162.667,72.12,250.7,1.0,0.0,-4.738,6
improved,4167.333,72.1871,250.871,1.0,0.0,-3.854,6
improved,4172.0,72.254,251.037,1.0,0.0,-2.958,6
improved,4176.667,72.3209,251.198,1.0,0.0,-2.056,6
improved,4181.333,72.3878,251.355,1.0,0.0,-1.152,6
improved,4186.0,72.4547,251.507,1.0,0.0,-0.25,6
improved,4190.667,72.5215,251.656,1.0,0.0,0.645,6
improved,4195.333,72.5882,251.801,1.0,0.0,1.529,6
